university_name,state,city,website,question,answer,language_code,category,question_hindi,answer_hindi,question_marathi,answer_marathi,question_tamil,answer_tamil
Indian Institute of Technology Delhi,Delhi,New Delhi,https://home.iitd.ac.in,"I am a PG male student of MTech/PhD/MS(R)/MBA program, 2020-21 admission. Can I get accommodation in IIT Delhi?",The offer letter for these programs clearly states that IIT Delhi has shortage of hostel and student will have to arrange for their own accommodation. There is no provision for providing off-campus accommodation.,en,admissions,"मैं MTECH/PHD/MS (R)/MBA प्रोग्राम, 2020-21 प्रवेश का PG पुरुष छात्र हूं। क्या मुझे IIT दिल्ली में आवास मिल सकता है?",इन कार्यक्रमों के लिए प्रस्ताव पत्र में स्पष्ट रूप से कहा गया है कि आईआईटी दिल्ली में हॉस्टल की कमी है और छात्र को अपने स्वयं के आवास की व्यवस्था करनी होगी। ऑफ-कैंपस आवास प्रदान करने का कोई प्रावधान नहीं है।,"मी एमटेक/पीएचडी/एमएस (आर)/एमबीए प्रोग्राम, 2020-21 प्रवेशाचा पीजी पुरुष विद्यार्थी आहे. मला आयआयटी दिल्लीत निवास मिळू शकेल?",या कार्यक्रमांसाठी ऑफर पत्रात स्पष्टपणे म्हटले आहे की आयआयटी दिल्लीला वसतिगृहाची कमतरता आहे आणि विद्यार्थ्यांना त्यांच्या स्वत: च्या निवासस्थानाची व्यवस्था करावी लागेल. ऑफ कॅम्पस निवासस्थान प्रदान करण्याची कोणतीही तरतूद नाही.,"நான் MTECH/PHD/MS (R)/MBA திட்டத்தின் PG ஆண் மாணவர், 2020-21 சேர்க்கை. ஐ.ஐ.டி டெல்லியில் நான் தங்குமிடம் பெறலாமா?","இந்த திட்டங்களுக்கான சலுகை கடிதம் ஐ.ஐ.டி டெல்லிக்கு ஹாஸ்டலுக்கு பற்றாக்குறை இருப்பதாகவும், மாணவர் தங்கள் சொந்த தங்குமிடத்திற்கு ஏற்பாடு செய்ய வேண்டும் என்றும் தெளிவாகக் கூறுகிறது. வளாகத்திற்கு வெளியே தங்குமிடத்தை வழங்குவதற்கான ஏற்பாடு எதுவும் இல்லை."
Indian Institute of Technology Delhi,Delhi,New Delhi,https://home.iitd.ac.in,"I am a PG female student of MTech/PhD/MS(R)/MBA program, 2020-21 admission. Can I get accommodation in IIT Delhi?","For full time female students of these programs, the offer letter states that the Institute would make every effort to provide on-campus accommodation, on request and subject to availability, to those who are not resident within 12 km of IIT Delhi Campus.",en,admissions,"मैं MTECH/PHD/MS (R)/MBA प्रोग्राम, 2020-21 प्रवेश की PG महिला छात्र हूं। क्या मुझे IIT दिल्ली में आवास मिल सकता है?","इन कार्यक्रमों की पूर्णकालिक महिला छात्रों के लिए, प्रस्ताव पत्र में कहा गया है कि संस्थान आईआईटी दिल्ली परिसर के 12 किमी के भीतर निवासी नहीं हैं, जो कि उपलब्धता के लिए अनुरोध और उपलब्धता के अधीन, ऑन-कैंपस आवास प्रदान करने के लिए हर संभव प्रयास करेंगे।","मी एमटेक/पीएचडी/एमएस (आर)/एमबीए प्रोग्राम, 2020-21 प्रवेशाचा पीजी महिला विद्यार्थी आहे. मला आयआयटी दिल्लीत निवास मिळू शकेल?","या कार्यक्रमांच्या पूर्णवेळ महिला विद्यार्थ्यांसाठी, ऑफर लेटरमध्ये असे म्हटले आहे की आयआयटी दिल्ली कॅम्पसच्या 12 कि.मी.च्या आत रहिवासी नसलेल्यांना, विनंती आणि उपलब्धतेच्या अधीन असलेल्या कॅम्पस निवासस्थानासाठी संस्था सर्वतोपरी प्रयत्न करेल.","நான் MTECH/PHD/MS (R)/MBA திட்டத்தின் PG பெண் மாணவர், 2020-21 சேர்க்கை. ஐ.ஐ.டி டெல்லியில் நான் தங்குமிடம் பெறலாமா?","இந்த திட்டங்களின் முழுநேர பெண் மாணவர்களுக்கு, ஐ.ஐ.டி டெல்லி வளாகத்தின் 12 கி.மீ.க்குள் வசிக்காதவர்களுக்கு, வளாகத்தில் தங்குமிடங்கள், கோரிக்கையின் பேரில், கிடைப்பதற்கு உட்பட்டவை வழங்க நிறுவனம் எல்லா முயற்சிகளையும் செய்யும் என்று சலுகை கடிதம் கூறுகிறது."
Indian Institute of Technology Delhi,Delhi,New Delhi,https://home.iitd.ac.in,"Whether, there is any provision for payment of fees through loan facility available from institute's end?",The Institute does not have a loan facility. The candidate can approach any nationalized bank to avail educational loan.,en,fees,"क्या, संस्थान के अंत से उपलब्ध ऋण सुविधा के माध्यम से शुल्क के भुगतान के लिए कोई प्रावधान है?",संस्थान में ऋण सुविधा नहीं है। उम्मीदवार शैक्षिक ऋण का लाभ उठाने के लिए किसी भी राष्ट्रीयकृत बैंक से संपर्क कर सकता है।,"असो, संस्थेच्या शेवटी कर्ज सुविधेद्वारे फी देय देण्याची काही तरतूद आहे का?",संस्थेकडे कर्जाची सुविधा नाही. शैक्षणिक कर्ज घेण्यासाठी उमेदवार कोणत्याही राष्ट्रीय बँकेकडे जाऊ शकतो.,நிறுவனத்தின் முடிவில் இருந்து கடன் வசதி மூலம் கட்டணங்களை செலுத்துவதற்கு ஏதேனும் ஏற்பாடு உள்ளதா?,நிறுவனத்தில் கடன் வசதி இல்லை. கல்விக் கடனைப் பெற வேட்பாளர் எந்தவொரு தேசியமயமாக்கப்பட்ட வங்கியையும் அணுகலாம்.
Indian Institute of Technology Delhi,Delhi,New Delhi,https://home.iitd.ac.in,Do I have to be physically present in campus on the day of registration?,The registration date is tentative and there may be changes. Please keep checking at IIT Delhi website for any announcements.,en,timetable,क्या मुझे पंजीकरण के दिन कैंपस में शारीरिक रूप से उपस्थित होना है?,पंजीकरण की तारीख अस्थायी है और परिवर्तन हो सकते हैं। कृपया किसी भी घोषणा के लिए IIT दिल्ली वेबसाइट पर जाँच करते रहें।,नोंदणीच्या दिवशी मला कॅम्पसमध्ये शारीरिकदृष्ट्या उपस्थित रहावे लागेल का?,नोंदणीची तारीख तात्पुरती आहे आणि तेथे बदल होऊ शकतात. कृपया कोणत्याही घोषणांसाठी आयआयटी दिल्ली वेबसाइटवर तपासणी करत रहा.,பதிவு செய்யும் நாளில் நான் வளாகத்தில் உடல் ரீதியாக இருக்க வேண்டுமா?,பதிவு தேதி தற்காலிகமானது மற்றும் மாற்றங்கள் இருக்கலாம். எந்தவொரு அறிவிப்புகளுக்கும் ஐ.ஐ.டி டெல்லி இணையதளத்தில் சரிபார்க்கவும்.
Indian Institute of Technology Delhi,Delhi,New Delhi,https://home.iitd.ac.in,Whether On-Campus hostel mess facility will be available for students staying outside?,No provision for On-Campus hostel mess. Other food outlets in the campus are available.,en,admissions,क्या ऑन-कैंपस हॉस्टल मेस सुविधा बाहर रहने वाले छात्रों के लिए उपलब्ध होगी?,कैंपस हॉस्टल मेस के लिए कोई प्रावधान नहीं। परिसर में अन्य खाद्य आउटलेट उपलब्ध हैं।,बाहेर राहणा students ्या विद्यार्थ्यांसाठी ऑन-कॅम्पस वसतिगृह गोंधळ सुविधा उपलब्ध असेल का?,ऑन-कॅम्पस वसतिगृह गोंधळासाठी कोणतीही तरतूद नाही. कॅम्पसमधील इतर खाद्यपदार्थ उपलब्ध आहेत.,மாணவர்கள் வெளியே தங்கியிருக்கும் மாணவர்களுக்கு வளாகத்தில் விடுதி மெஸ் வசதி கிடைக்குமா?,வளாகத்தில் விடுதி குழப்பத்திற்கு எந்த ஏற்பாடும் இல்லை. வளாகத்தில் உள்ள பிற உணவு விற்பனை நிலையங்கள் கிடைக்கின்றன.
University of Delhi,Delhi,New Delhi,https://www.du.ac.in,Is Online Registration mandatory for all the candidates applying for the PG Admission?,"YES, Online Registration is mandatory for ALL the candidates applying for the Postgraduate Courses in the University of Delhi.",en,admissions,क्या पीजी प्रवेश के लिए आवेदन करने वाले सभी उम्मीदवारों के लिए ऑनलाइन पंजीकरण अनिवार्य है?,"हां, दिल्ली विश्वविद्यालय में स्नातकोत्तर पाठ्यक्रमों के लिए आवेदन करने वाले सभी उम्मीदवारों के लिए ऑनलाइन पंजीकरण अनिवार्य है।",पीजी प्रवेशासाठी अर्ज करणा all ्या सर्व उमेदवारांसाठी ऑनलाइन नोंदणी अनिवार्य आहे का?,"होय, दिल्ली विद्यापीठातील पदव्युत्तर अभ्यासक्रमांसाठी अर्ज करणा all ्या सर्व उमेदवारांसाठी ऑनलाइन नोंदणी अनिवार्य आहे.",பி.ஜி சேர்க்கைக்கு விண்ணப்பிக்கும் அனைத்து வேட்பாளர்களுக்கும் ஆன்லைன் பதிவு கட்டாயமா?,"ஆம், டெல்லி பல்கலைக்கழகத்தில் முதுகலை படிப்புகளுக்கு விண்ணப்பிக்கும் அனைத்து வேட்பாளர்களுக்கும் ஆன்லைன் பதிவு கட்டாயமாகும்."
University of Delhi,Delhi,New Delhi,https://www.du.ac.in,"Can I submit the Registration Fee through any other method, like cash, demand draft, cheque etc?","NO, the Registration Fee is accepted only through the Online Payment options available on the PG Admission Portal.",en,fees,"क्या मैं किसी अन्य विधि के माध्यम से पंजीकरण शुल्क जमा कर सकता हूं, जैसे कि नकद, डिमांड ड्राफ्ट, चेक आदि?","नहीं, पंजीकरण शुल्क केवल पीजी प्रवेश पोर्टल पर उपलब्ध ऑनलाइन भुगतान विकल्पों के माध्यम से स्वीकार किया जाता है।","मी रोख, डिमांड ड्राफ्ट, चेक इत्यादी इतर कोणत्याही पद्धतीद्वारे नोंदणी फी सबमिट करू शकतो?","नाही, नोंदणी फी केवळ पीजी प्रवेश पोर्टलवर उपलब्ध असलेल्या ऑनलाइन पेमेंट पर्यायांद्वारे स्वीकारली जाते.","பணம், தேவை வரைவு, காசோலை போன்ற வேறு எந்த முறையின் மூலமும் பதிவு கட்டணத்தை சமர்ப்பிக்கலாமா?","இல்லை, பிஜி சேர்க்கை போர்ட்டலில் கிடைக்கும் ஆன்லைன் கட்டண விருப்பங்கள் மூலம் மட்டுமே பதிவு கட்டணம் ஏற்றுக்கொள்ளப்படுகிறது."
University of Delhi,Delhi,New Delhi,https://www.du.ac.in,How can I apply in multiple programs? Do I need to make payment for each course separately?,"After completing your Registration, complete the application for one program. You can apply in another program using ""Apply Now"" button. For each of the applied program, you need to pay separate Registration Fee.",en,admissions,मैं कई कार्यक्रमों में कैसे आवेदन कर सकता हूं? क्या मुझे प्रत्येक पाठ्यक्रम के लिए अलग से भुगतान करने की आवश्यकता है?,"अपना पंजीकरण पूरा करने के बाद, एक कार्यक्रम के लिए आवेदन पूरा करें। आप ""अब लागू करें"" बटन का उपयोग करके एक अन्य कार्यक्रम में आवेदन कर सकते हैं। लागू कार्यक्रम में से प्रत्येक के लिए, आपको अलग पंजीकरण शुल्क का भुगतान करना होगा।",मी एकाधिक प्रोग्राममध्ये कसे अर्ज करू शकतो? मला प्रत्येक कोर्ससाठी स्वतंत्रपणे देय देण्याची आवश्यकता आहे?,"आपली नोंदणी पूर्ण केल्यानंतर, एका प्रोग्रामसाठी अर्ज पूर्ण करा. आपण ""आता लागू करा"" बटण वापरून दुसर्‍या प्रोग्राममध्ये अर्ज करू शकता. लागू केलेल्या प्रत्येक प्रोग्रामसाठी, आपल्याला स्वतंत्र नोंदणी फी भरणे आवश्यक आहे.",பல நிரல்களில் நான் எவ்வாறு விண்ணப்பிக்க முடியும்? ஒவ்வொரு பாடநெறிக்கும் நான் தனித்தனியாக பணம் செலுத்த வேண்டுமா?,"உங்கள் பதிவை முடித்த பிறகு, ஒரு நிரலுக்கான விண்ணப்பத்தை பூர்த்தி செய்யுங்கள். ""இப்போது விண்ணப்பிக்கவும்"" பொத்தானைப் பயன்படுத்தி மற்றொரு நிரலில் விண்ணப்பிக்கலாம். பயன்பாட்டு ஒவ்வொரு திட்டத்திற்கும், நீங்கள் தனி பதிவு கட்டணத்தை செலுத்த வேண்டும்."
University of Delhi,Delhi,New Delhi,https://www.du.ac.in,"Will Registration Fee be refunded or adjusted, if I change my category?",The Registration Fee is mandatory for all categories and will not be refunded or adjusted in any circumstances.,en,fees,"क्या पंजीकरण शुल्क वापस किया जाएगा या समायोजित किया जाएगा, अगर मैं अपनी श्रेणी बदलूं?",पंजीकरण शुल्क सभी श्रेणियों के लिए अनिवार्य है और किसी भी परिस्थिति में वापस या समायोजित नहीं किया जाएगा।,मी माझी श्रेणी बदलल्यास नोंदणी फी परत केली जाईल किंवा समायोजित केली जाईल?,नोंदणी फी सर्व श्रेणींसाठी अनिवार्य आहे आणि कोणत्याही परिस्थितीत परतावा किंवा समायोजित केला जाणार नाही.,"எனது வகையை மாற்றினால், பதிவு கட்டணம் திருப்பித் தரப்படுமா அல்லது சரிசெய்யப்படுமா?","பதிவு கட்டணம் அனைத்து வகைகளுக்கும் கட்டாயமாகும், மேலும் எந்த சூழ்நிலையிலும் திருப்பித் தரப்படாது அல்லது சரிசெய்யப்படாது."
University of Delhi,Delhi,New Delhi,https://www.du.ac.in,I have a gap year? Can I still apply?,"Yes, you may apply to the PG Courses. The gap year will not affect your candidature.",en,admissions,मेरे पास एक अंतर है? क्या मैं अभी भी आवेदन कर सकता हूं?,"हां, आप पीजी पाठ्यक्रमों पर आवेदन कर सकते हैं। गैप वर्ष आपकी उम्मीदवारी को प्रभावित नहीं करेगा।",माझ्याकडे एक अंतर वर्ष आहे? मी अजूनही अर्ज करू शकतो?,"होय, आपण पीजी अभ्यासक्रमांवर अर्ज करू शकता. अंतर वर्ष आपल्या उमेदवारीवर परिणाम करणार नाही.",எனக்கு ஒரு இடைவெளி ஆண்டு இருக்கிறதா? நான் இன்னும் விண்ணப்பிக்கலாமா?,"ஆம், நீங்கள் பி.ஜி படிப்புகளுக்கு விண்ணப்பிக்கலாம். இடைவெளி ஆண்டு உங்கள் வேட்புமனுவை பாதிக்காது."
Jawaharlal Nehru University,Delhi,New Delhi,https://www.jnu.ac.in,What is CEAS?,"CEAS stands for Centre for East Asian Studies and is one of the thirteen centres of the School of International Studies (SIS), Jawaharlal Nehru University (JNU), New Delhi.",en,admissions,CEAS क्या है?,"CEAS का अर्थ है सेंटर फॉर ईस्ट एशियाई अध्ययन और स्कूल ऑफ इंटरनेशनल स्टडीज (SIS), जवाहरलाल नेहरू विश्वविद्यालय (JNU), नई दिल्ली के तेरह केंद्रों में से एक है।",सीईएएस म्हणजे काय?,"सीईएएस म्हणजे पूर्व आशियाई अभ्यास केंद्र आहे आणि स्कूल ऑफ इंटरनॅशनल स्टडीज (एसआयएस), जवाहरलाल नेहरू युनिव्हर्सिटी (जेएनयू), नवी दिल्ली या तेरा केंद्रांपैकी एक आहे.",CEAS என்றால் என்ன?,"CEAS என்பது கிழக்கு ஆசிய ஆய்வுகளுக்கான மையத்தைக் குறிக்கிறது மற்றும் புதுடெல்லியின் ஜவஹர்லால் நேரு பல்கலைக்கழகம் (ஜே.என்.யூ), சர்வதேச ஆய்வுகள் (எஸ்ஐஎஸ்) பள்ளியின் பதின்மூன்று மையங்களில் ஒன்றாகும்."
Jawaharlal Nehru University,Delhi,New Delhi,https://www.jnu.ac.in,How to apply?,"The admission process starts in the month of March. Interested applicants can either download the forms / prospectus online from https://admissions.jnu.ac.in or buy them from the Admission Block, JNU.",en,admissions,आवेदन कैसे करें?,"प्रवेश प्रक्रिया मार्च के महीने में शुरू होती है। इच्छुक आवेदक या तो https://admissions.jnu.ac.in से ऑनलाइन फॉर्म/प्रॉस्पेक्टस डाउनलोड कर सकते हैं या उन्हें प्रवेश ब्लॉक, JNU से खरीद सकते हैं।",कसे अर्ज करावे?,"प्रवेश प्रक्रिया मार्च महिन्यात सुरू होते. इच्छुक अर्जदार एकतर https://admisions.jnu.ac.in वरून फॉर्म/प्रॉस्पेक्टस ऑनलाईन डाउनलोड करू शकतात किंवा प्रवेश ब्लॉक, जेएनयू वरून खरेदी करू शकतात.",விண்ணப்பிப்பது எப்படி?,சேர்க்கை செயல்முறை மார்ச் மாதத்தில் தொடங்குகிறது. ஆர்வமுள்ள விண்ணப்பதாரர்கள் படிவங்கள்/ப்ரஸ்பெக்டஸை ஆன்லைனில் https://admissions.jnu.ac.in இலிருந்து பதிவிறக்கம் செய்யலாம் அல்லது அவற்றை சேர்க்கை தொகுதியிலிருந்து வாங்கலாம்.
Jawaharlal Nehru University,Delhi,New Delhi,https://www.jnu.ac.in,How many levels of study are there?,There are two levels of study: I. M.Phil. (2 yrs.) - One year of coursework and one dissertation submission. II. PhD. (4 yrs.) - It can be extended by another year with regard to the 9B clause.,en,timetable,अध्ययन के कितने स्तर हैं?,अध्ययन के दो स्तर हैं: I. M.Phil। (२ साल।) - एक साल का कोर्सवर्क और एक शोध प्रबंध प्रस्तुत करना। Ii। पीएचडी। (4 वर्ष।) - इसे 9 बी क्लॉज के संबंध में एक और वर्ष द्वारा बढ़ाया जा सकता है।,अभ्यासाचे किती स्तर आहेत?,अभ्यासाचे दोन स्तर आहेतः आय. एम. फिल. (2 वर्ष.) - कोर्सवर्कचे एक वर्ष आणि एक प्रबंध प्रबंध सबमिशन. Ii. पीएचडी. (4 वर्ष.) - 9 बी कलमाच्या संदर्भात हे दुसर्‍या वर्षाद्वारे वाढविले जाऊ शकते.,எத்தனை நிலை ஆய்வுகள் உள்ளன?,இரண்டு நிலைகள் ஆய்வுகள் உள்ளன: I. M.Phil. (2 வருடம்.) - ஒரு வருடம் பாடநெறி மற்றும் ஒரு ஆய்வுக் கட்டுரை சமர்ப்பிப்பு. Ii. பி.எச்.டி. (4 வருடங்கள்.) - 9 பி பிரிவைப் பொறுத்தவரை இதை மற்றொரு வருடத்திற்குள் நீட்டிக்க முடியும்.
University of Mumbai,Maharashtra,Mumbai,https://mu.ac.in,How can I apply for admission to Mumbai University?,You can apply online through the University of Mumbai's official website: https://mu.ac.in. For NEP UG Programs use https://muugadmission.samarth.edu.in. For NEP PG Programs use https://muadmission.samarth.edu.in.,en,admissions,मैं मुंबई विश्वविद्यालय में प्रवेश के लिए कैसे आवेदन कर सकता हूं?,आप मुंबई विश्वविद्यालय की आधिकारिक वेबसाइट: https://mu.ac.in के माध्यम से ऑनलाइन आवेदन कर सकते हैं। NEP UG कार्यक्रमों के लिए https://muugadmission.samarth.edu.in का उपयोग करें। एनईपी पीजी कार्यक्रमों के लिए https://muadmission.samarth.edu.in का उपयोग करें।,मी मुंबई विद्यापीठात प्रवेशासाठी अर्ज कसा करू शकतो?,आपण मुंबई विद्यापीठाच्या अधिकृत वेबसाइटद्वारे ऑनलाइन अर्ज करू शकता: https://mu.ac.in. एनईपी यूजी प्रोग्रामसाठी https://muugadmission.samarth.edu.in वापरा. एनईपी पीजी प्रोग्रामसाठी https://muadmission.samarth.edu.in वापरा.,மும்பை பல்கலைக்கழகத்தில் சேருவதற்கு நான் எவ்வாறு விண்ணப்பிக்க முடியும்?,மும்பை பல்கலைக்கழகத்தின் அதிகாரப்பூர்வ வலைத்தளம்: https://mu.ac.in மூலம் ஆன்லைனில் விண்ணப்பிக்கலாம். NEP UG நிரல்களுக்கு https://muugadmission.samarth.edu.in ஐப் பயன்படுத்தவும். NEP PG திட்டங்களுக்கு https://muadmission.samarth.edu.in ஐப் பயன்படுத்தவும்.
University of Mumbai,Maharashtra,Mumbai,https://mu.ac.in,When does the admission process begin?,The admission process generally begins in May/June for UG courses and July/August for PG courses. Specific dates are announced on the University website.,en,timetable,प्रवेश प्रक्रिया कब शुरू होती है?,प्रवेश प्रक्रिया आम तौर पर मई/जून में यूजी पाठ्यक्रमों के लिए और पीजी पाठ्यक्रमों के लिए जुलाई/अगस्त में शुरू होती है। विश्वविद्यालय की वेबसाइट पर विशिष्ट तिथियों की घोषणा की जाती है।,प्रवेश प्रक्रिया कधी सुरू होईल?,प्रवेश प्रक्रिया सामान्यत: मे/जूनमध्ये यूजी अभ्यासक्रमांसाठी आणि पीजी अभ्यासक्रमांसाठी जुलै/ऑगस्टमध्ये सुरू होते. विद्यापीठाच्या वेबसाइटवर विशिष्ट तारखा जाहीर केल्या जातात.,சேர்க்கை செயல்முறை எப்போது தொடங்குகிறது?,சேர்க்கை செயல்முறை பொதுவாக யுஜி படிப்புகளுக்கு மே/ஜூன் மற்றும் ஜூலை/ஆகஸ்ட் பிஜி படிப்புகளுக்கு தொடங்குகிறது. குறிப்பிட்ட தேதிகள் பல்கலைக்கழக இணையதளத்தில் அறிவிக்கப்படுகின்றன.
University of Mumbai,Maharashtra,Mumbai,https://mu.ac.in,Are entrance exams required for all courses?,"No, entrance exams are only conducted for select PG, diploma, and professional courses. Most UG courses are merit-based.",en,exams,क्या सभी पाठ्यक्रमों के लिए प्रवेश परीक्षा की आवश्यकता है?,"नहीं, प्रवेश परीक्षा केवल चुनिंदा पीजी, डिप्लोमा और पेशेवर पाठ्यक्रमों के लिए आयोजित की जाती है। अधिकांश यूजी पाठ्यक्रम योग्यता-आधारित हैं।",सर्व अभ्यासक्रमांसाठी प्रवेश परीक्षा आवश्यक आहेत का?,"नाही, प्रवेश परीक्षा केवळ पीजी, डिप्लोमा आणि व्यावसायिक अभ्यासक्रमांसाठी घेण्यात आल्या आहेत. बहुतेक यूजी कोर्सेस गुणवत्ता-आधारित असतात.",அனைத்து படிப்புகளுக்கும் நுழைவுத் தேர்வுகள் தேவையா?,"இல்லை, தேர்ந்தெடுக்கப்பட்ட பி.ஜி, டிப்ளோமா மற்றும் தொழில்முறை படிப்புகளுக்கு மட்டுமே நுழைவுத் தேர்வுகள் நடத்தப்படுகின்றன. பெரும்பாலான யுஜி படிப்புகள் தகுதி அடிப்படையிலானவை."
University of Mumbai,Maharashtra,Mumbai,https://mu.ac.in,What documents are required for admission?,"10th & 12th mark sheets, ABC ID (APAR ID), Leaving Certificate, Caste Certificate (if applicable), Domicile Certificate (if applicable), Aadhaar Card, Passport-sized photo and signature, Eligibility Certificate (for students from other boards/universities).",en,admissions,प्रवेश के लिए क्या दस्तावेजों की आवश्यकता है?,"10 वीं और 12 वीं मार्क शीट्स, एबीसी आईडी (एपीएआर आईडी), छोड़कर प्रमाण पत्र, जाति प्रमाण पत्र (यदि लागू हो), अधिवास प्रमाणपत्र (यदि लागू हो), आधार कार्ड, पासपोर्ट-आकार की तस्वीर और हस्ताक्षर, पात्रता प्रमाण पत्र (अन्य बोर्ड/विश्वविद्यालयों के छात्रों के लिए)।",प्रवेशासाठी कोणती कागदपत्रे आवश्यक आहेत?,"10 वी आणि 12 व्या मार्क शीट्स, एबीसी आयडी (एपीएआर आयडी), सोडा प्रमाणपत्र, जातीचे प्रमाणपत्र (लागू असल्यास), अधिवास प्रमाणपत्र (लागू असल्यास), आधार कार्ड, पासपोर्ट-आकाराचे फोटो आणि स्वाक्षरी, पात्रता प्रमाणपत्र (इतर बोर्ड/विद्यापीठांमधील विद्यार्थ्यांसाठी).",சேர்க்கைக்கு என்ன ஆவணங்கள் தேவை?,"10 வது & 12 வது மார்க் தாள்கள், ஏபிசி ஐடி (ஏபிஏஆர் ஐடி), வெளியேறும் சான்றிதழ், சாதி சான்றிதழ் (பொருந்தினால்), குடியேற்ற சான்றிதழ் (பொருந்தினால்), ஆதார் அட்டை, பாஸ்போர்ட் அளவிலான புகைப்படம் மற்றும் கையொப்பம், தகுதிச் சான்றிதழ் (பிற வாரியங்கள்/பல்கலைக்கழகங்களைச் சேர்ந்த மாணவர்களுக்கு)."
University of Mumbai,Maharashtra,Mumbai,https://mu.ac.in,How are merit lists prepared?,Merit lists are based on marks obtained in qualifying exams. Cut-offs vary by course and college.,en,admissions,योग्यता सूची कैसे तैयार की जाती है?,योग्यता सूची योग्यता परीक्षा में प्राप्त निशानों पर आधारित हैं। कट-ऑफ पाठ्यक्रम और कॉलेज द्वारा भिन्न होते हैं।,गुणवत्ता याद्या कशा तयार केल्या जातात?,गुणवत्ता याद्या पात्रता परीक्षांमध्ये प्राप्त झालेल्या गुणांवर आधारित आहेत. कोर्स आणि महाविद्यालयानुसार कट ऑफ बदलतात.,தகுதி பட்டியல்கள் எவ்வாறு தயாரிக்கப்படுகின்றன?,தகுதி பட்டியல்கள் தகுதித் தேர்வுகளில் பெறப்பட்ட மதிப்பெண்களை அடிப்படையாகக் கொண்டவை. கட்-ஆஃப்ஸ் பாடநெறி மற்றும் கல்லூரி மூலம் மாறுபடும்.
Banaras Hindu University,Uttar Pradesh,Varanasi,https://www.bhu.ac.in,What is the admission basis for BHU undergraduate programs?,Admissions to all undergraduate programs at BHU will be determined by scores obtained in the Common University Entrance Test (CUET-UG) 2025.,en,admissions,BHU स्नातक कार्यक्रमों के लिए प्रवेश का आधार क्या है?,BHU में सभी स्नातक कार्यक्रमों में प्रवेश आम विश्वविद्यालय प्रवेश परीक्षण (CUET-UG) 2025 में प्राप्त स्कोर द्वारा निर्धारित किया जाएगा।,बीएचयू पदवीपूर्व कार्यक्रमांसाठी प्रवेशाचा आधार काय आहे?,बीएचयूमधील सर्व पदवीधर कार्यक्रमांमध्ये प्रवेश सामान्य विद्यापीठाच्या प्रवेशद्वार चाचणी (क्यूएट-एजी) 2025 मध्ये प्राप्त केलेल्या स्कोअरद्वारे निश्चित केला जाईल.,BHU இளங்கலை திட்டங்களுக்கான சேர்க்கை அடிப்படை என்ன?,BHU இல் உள்ள அனைத்து இளங்கலை திட்டங்களுக்கும் சேர்க்கை பொதுவான பல்கலைக்கழக நுழைவு சோதனை (CUET-EG) 2025 இல் பெறப்பட்ட மதிப்பெண்களால் தீர்மானிக்கப்படும்.
Banaras Hindu University,Uttar Pradesh,Varanasi,https://www.bhu.ac.in,What are the reservation policies at BHU?,"Seats are reserved for Scheduled Caste (15%), Scheduled Tribe (7.5%), OBC (27%), EWS (10%), and Persons with Benchmark Disability (5%) candidates as per Government of India Rules.",en,admissions,BHU में आरक्षण नीतियां क्या हैं?,"सीटों को अनुसूचित जाति (15%), अनुसूचित जनजाति (7.5%), ओबीसी (27%), ईडब्ल्यूएस (10%), और बेंचमार्क विकलांगता (5%) उम्मीदवारों के साथ भारत के नियमों के अनुसार आरक्षित किया जाता है।",बीएचयूमध्ये आरक्षण धोरणे काय आहेत?,"भारत सरकारच्या नियमांनुसार अनुसूचित जाती (१ %%), अनुसूचित जमाती (.5..5%), ओबीसी (२ %%), ईडब्ल्यूएस (१०%) आणि बेंचमार्क अपंगत्व (%%) उमेदवारांसाठी जागा राखीव आहेत.",BHU இல் இட ஒதுக்கீடு கொள்கைகள் என்ன?,"இந்திய அரசு விதிகளின்படி திட்டமிடப்பட்ட சாதி (15%), திட்டமிடப்பட்ட பழங்குடி (7.5%), ஓபிசி (27%), ஈ.டபிள்யூ.எஸ் (10%) மற்றும் பெஞ்ச்மார்க் இயலாமை (5%) வேட்பாளர்களுக்கு இடங்கள் ஒதுக்கப்பட்டுள்ளன."
Banaras Hindu University,Uttar Pradesh,Varanasi,https://www.bhu.ac.in,Are there supernumerary seats available?,"Yes, supernumerary seats are available for BHU Employee Wards (15%), Foreign Nationals (15%), Sports (varies by faculty), Paid seats (up to 15%), and ICAR seats (15% for Agriculture).",en,admissions,क्या सुपरन्यूमरी सीटें उपलब्ध हैं?,"हां, सुपरन्यूमरी सीटें BHU कर्मचारी वार्ड (15%), विदेशी नागरिकों (15%), खेल (संकाय द्वारा भिन्न), भुगतान की गई सीटों (15%तक), और ICAR सीटें (कृषि के लिए 15%) के लिए उपलब्ध हैं।",तेथे अलौकिक जागा उपलब्ध आहेत का?,"होय, बीएचयू कर्मचारी वॉर्ड (१ %%), परदेशी नागरिक (१ %%), क्रीडा (प्राध्यापकांनुसार बदलतात), देय जागा (१ %% पर्यंत) आणि आयसीएआर जागा (शेतीसाठी १ %%) साठी सुपरन्यूमररी जागा उपलब्ध आहेत.",சூப்பர்நியூமரரி இருக்கைகள் கிடைக்குமா?,"ஆம், BHU பணியாளர் வார்டுகள் (15%), வெளிநாட்டினர் (15%), விளையாட்டு (ஆசிரியர்களால் மாறுபடும்), கட்டண இடங்கள் (15%வரை), மற்றும் ஐ.சி.ஏ.ஆர் இருக்கைகள் (விவசாயத்திற்கு 15%) ஆகியவற்றுக்கு சூப்பர்நியூமரரி இருக்கைகள் கிடைக்கின்றன."
Banaras Hindu University,Uttar Pradesh,Varanasi,https://www.bhu.ac.in,What is the fee structure?,Fee structure varies by course and program. Regular courses have lower fees while special and professional courses have higher fees. Detailed fee structure is mentioned in the admission bulletin.,en,fees,शुल्क संरचना क्या है?,शुल्क संरचना पाठ्यक्रम और कार्यक्रम द्वारा भिन्न होती है। नियमित पाठ्यक्रमों की फीस कम होती है जबकि विशेष और पेशेवर पाठ्यक्रमों की फीस अधिक होती है। प्रवेश बुलेटिन में विस्तृत शुल्क संरचना का उल्लेख किया गया है।,फी रचना काय आहे?,फी रचना कोर्स आणि प्रोग्रामनुसार बदलते. नियमित अभ्यासक्रमांमध्ये कमी फी असते तर विशेष आणि व्यावसायिक अभ्यासक्रमांमध्ये जास्त फी असते. प्रवेश बुलेटिनमध्ये तपशीलवार फी रचना नमूद केली आहे.,கட்டண அமைப்பு என்ன?,"கட்டண அமைப்பு நிச்சயமாக மற்றும் நிரல் மூலம் மாறுபடும். வழக்கமான படிப்புகள் குறைந்த கட்டணங்களைக் கொண்டுள்ளன, சிறப்பு மற்றும் தொழில்முறை படிப்புகளில் அதிக கட்டணம் உள்ளது. சேர்க்கை புல்லட்டின் விரிவான கட்டண அமைப்பு குறிப்பிடப்பட்டுள்ளது."
Banaras Hindu University,Uttar Pradesh,Varanasi,https://www.bhu.ac.in,What hostel facilities are available?,"BHU has 72 hostels accommodating nearly 11,000 students with modern amenities including internet facilities. Hostel fees range from ₹4,875 to ₹5,375 per semester.",en,fees,हॉस्टल सुविधाएं क्या उपलब्ध हैं?,"बीएचयू में 72 हॉस्टल हैं, जिनमें लगभग 11,000 छात्र हैं, जिनमें इंटरनेट सुविधाओं सहित आधुनिक सुविधाएं हैं। हॉस्टल की फीस ₹ 4,875 से ₹ ​​5,375 प्रति सेमेस्टर तक होती है।",कोणत्या वसतिगृह सुविधा उपलब्ध आहेत?,"बीएचयूमध्ये 72 वसतिगृह आहेत ज्यात इंटरनेट सुविधांसह आधुनिक सुविधांसह सुमारे 11,000 विद्यार्थी आहेत. वसतिगृह फी ₹ 4,875 ते प्रत्येक सत्रात 5,375 डॉलर ते 5,375 डॉलर आहे.",என்ன விடுதி வசதிகள் உள்ளன?,"இணைய வசதிகள் உட்பட நவீன வசதிகளுடன் கிட்டத்தட்ட 11,000 மாணவர்களுக்கு இடமளிக்கும் 72 விடுதிகளில் BHU உள்ளது. விடுதி கட்டணம் ஒரு செமஸ்டருக்கு, 8 4,875 முதல், 5,375 வரை இருக்கும்."
Anna University,Tamil Nadu,Chennai,https://www.annauniv.edu,Is entrance exam required for Anna University admissions?,"Yes. All students must undertake an Online entrance examination (OEET) to be conducted by CDE, Anna University on the basis of which allotment for admission will be made.",en,exams,क्या अन्ना विश्वविद्यालय के प्रवेश के लिए प्रवेश परीक्षा की आवश्यकता है?,"हाँ। सभी छात्रों को सीडीई, अन्ना विश्वविद्यालय द्वारा आयोजित किए जाने वाले एक ऑनलाइन प्रवेश परीक्षा (OEET) का कार्य करना होगा, जिसके आधार पर प्रवेश के लिए आवंटन किया जाएगा।",अण्णा विद्यापीठाच्या प्रवेशासाठी प्रवेश परीक्षा आवश्यक आहे का?,"होय. सर्व विद्यार्थ्यांनी सीडीई, अण्णा विद्यापीठाने ज्या प्रवेशासाठी वाटप केले जाईल त्या आधारे आयोजित करण्यासाठी ऑनलाईन प्रवेश परीक्षा (OEET) हाती घेणे आवश्यक आहे.",அண்ணா பல்கலைக்கழக சேர்க்கைக்கு நுழைவுத் தேர்வு தேவையா?,"ஆம். அனைத்து மாணவர்களும் சி.டி.இ, அண்ணா பல்கலைக்கழகத்தால் நடத்தப்பட வேண்டிய ஆன்லைன் நுழைவுத் தேர்வை (OEET) மேற்கொள்ள வேண்டும், அதன் அடிப்படையில் சேர்க்கைக்கான ஒதுக்கீடு செய்யப்படும்."
Anna University,Tamil Nadu,Chennai,https://www.annauniv.edu,What is the examination pattern?,The evaluation includes two types of assessments: (i) Continuous or formative assessment - 30% (ii) End-semester examination - 70%,en,exams,परीक्षा पैटर्न क्या है?,मूल्यांकन में दो प्रकार के आकलन शामिल हैं: (i) निरंतर या औपचारिक मूल्यांकन - 30% (ii) एंड -सेमेस्टर परीक्षा - 70%,परीक्षेचा नमुना काय आहे?,मूल्यमापनात दोन प्रकारचे मूल्यांकन समाविष्ट आहे: (i) सतत किंवा रचनात्मक मूल्यांकन - 30% (ii) एंड -सेमेस्टर परीक्षा - 70%,தேர்வு முறை என்றால் என்ன?,மதிப்பீட்டில் இரண்டு வகையான மதிப்பீடுகள் உள்ளன: (i) தொடர்ச்சியான அல்லது உருவாக்கும் மதிப்பீடு - 30% (ii) இறுதி -செமஸ்டர் பரிசோதனை - 70%
Aligarh Muslim University,Uttar Pradesh,Aligarh,https://www.amu.ac.in,What are the eligibility criteria for B.A. programs?,Senior Secondary School Certificate Examination or an equivalent Examination with not less than 50% marks in aggregate. OR Degree/Sanad from AMU recognized Institution/Madarsa with at least 50% marks in aggregate.,en,admissions,बी.ए. के लिए पात्रता मानदंड क्या हैं। कार्यक्रम?,सीनियर सेकेंडरी स्कूल सर्टिफिकेट एग्जामिनेशन या एग्रीगेट में 50% से कम अंकों के साथ एक समकक्ष परीक्षा। या एएमयू मान्यता प्राप्त संस्थान/मदरसा से डिग्री/सनद एकत्र में कम से कम 50% अंकों के साथ।,बी.ए. साठी पात्रतेचे निकष काय आहेत? कार्यक्रम?,वरिष्ठ माध्यमिक शालेय प्रमाणपत्र परीक्षा किंवा एकूण 50% पेक्षा कमी गुणांची समकक्ष परीक्षा. किंवा एएमयू कडून पदवी/सनद मान्यताप्राप्त संस्था/मदरसा एकूण कमीतकमी 50% गुणांसह.,பி.ஏ.க்கான தகுதி அளவுகோல் என்ன. திட்டங்கள்?,மூத்த மேல்நிலைப் பள்ளி சான்றிதழ் தேர்வு அல்லது மொத்தத்தில் 50% க்கும் குறைவான மதிப்பெண்கள் இல்லாத அதற்கு சமமான தேர்வு. அல்லது AMU இலிருந்து பட்டம்/சனாத் நிறுவனம்/மதர்ஸாவிலிருந்து குறைந்தபட்சம் 50% மதிப்பெண்கள் மொத்தத்தில்.
Aligarh Muslim University,Uttar Pradesh,Aligarh,https://www.amu.ac.in,Are admissions open to all candidates?,Admissions to all courses of study are open to Indian Nationals only. A few seats are also earmarked for foreign nationals/children of Non-resident Indians (NRI).,en,admissions,क्या सभी उम्मीदवारों के लिए प्रवेश खुला है?,अध्ययन के सभी पाठ्यक्रमों में प्रवेश केवल भारतीय नागरिकों के लिए खुला है। अनिवासी भारतीयों (एनआरआई) के विदेशी नागरिकों/बच्चों के लिए कुछ सीटें भी हैं।,सर्व उमेदवारांसाठी प्रवेश खुला आहे का?,अभ्यासाच्या सर्व अभ्यासक्रमांमध्ये प्रवेश केवळ भारतीय नागरिकांसाठी खुला आहे. परदेशी नागरिक/अनिवासी भारतीय (एनआरआय) च्या मुलांसाठी काही जागा देखील ठेवल्या आहेत.,அனைத்து வேட்பாளர்களுக்கும் சேர்க்கை திறந்திருக்கிறதா?,அனைத்து படிப்புகளுக்கும் சேர்க்கை இந்திய நாட்டினருக்கு மட்டுமே திறந்திருக்கும். ஒரு சில இடங்கள் வெளிநாட்டினருக்கு/குடியுரிமை பெறாத இந்தியர்களின் (என்.ஆர்.ஐ) குழந்தைகளுக்கும் ஒதுக்கப்பட்டுள்ளன.
Jamia Millia Islamia,Delhi,New Delhi,https://www.jmi.ac.in,What is the application form fee?,The application form fee is Rs.500/700 wherever applicable (non refundable).,en,fees,आवेदन पत्र शुल्क क्या है?,आवेदन पत्र शुल्क जहां भी लागू हो (गैर -वापसी योग्य) जहाँ भी लागू होता है।,अर्ज फॉर्म फी काय आहे?,अर्ज फॉर्म फी जेथे लागू असेल तेथे रु. 500/700 आहे (परतावा न करता).,விண்ணப்ப படிவ கட்டணம் என்ன?,விண்ணப்ப படிவக் கட்டணம் ரூ .500/700 பொருந்தக்கூடிய இடங்களில் (திருப்பிச் செலுத்தப்படாதது).
Jamia Millia Islamia,Delhi,New Delhi,https://www.jmi.ac.in,How do we pay the admission fee?,"Fee is payable only through Demand Draft made in favor of ""JAMIA MILLIA ISLAMIA"" payable at NEW DELHI.",en,fees,हम प्रवेश शुल्क का भुगतान कैसे करते हैं?,"नई दिल्ली में देय ""जामिया मिलिया इस्लामिया"" के पक्ष में किए गए डिमांड ड्राफ्ट के माध्यम से शुल्क केवल देय है।",आम्ही प्रवेश फी कशी भरू?,"नवी दिल्ली येथे देय असलेल्या ""जामिया मिलिया इस्लामिया"" च्या बाजूने बनविलेल्या डिमांड ड्राफ्टद्वारे फी देय आहे.",சேர்க்கை கட்டணத்தை எவ்வாறு செலுத்துவது?,"புது தில்லியில் செலுத்த வேண்டிய ""ஜாமியா மில்லியா இஸ்லாமியா"" க்கு ஆதரவாக செய்யப்பட்ட தேவை வரைவு மூலம் மட்டுமே கட்டணம் செலுத்தப்படும்."
Indian Institute of Science,Karnataka,Bengaluru,https://www.iisc.ac.in,What type of institution is IISc?,Indian Institute of Science is a premier research institution focusing on science and engineering research and education.,en,admissions,IISC किस प्रकार की संस्था है?,भारतीय विज्ञान संस्थान विज्ञान और इंजीनियरिंग अनुसंधान और शिक्षा पर ध्यान केंद्रित करने वाला एक प्रमुख अनुसंधान संस्थान है।,आयआयएससी कोणत्या प्रकारची संस्था आहे?,इंडियन इन्स्टिट्यूट ऑफ सायन्स ही विज्ञान आणि अभियांत्रिकी संशोधन आणि शिक्षणावर लक्ष केंद्रित करणारी एक प्रमुख संशोधन संस्था आहे.,IISC எந்த வகையான நிறுவனம்?,இந்தியன் இன்ஸ்டிடியூட் ஆப் சயின்ஸ் என்பது அறிவியல் மற்றும் பொறியியல் ஆராய்ச்சி மற்றும் கல்வியை மையமாகக் கொண்ட ஒரு முதன்மை ஆராய்ச்சி நிறுவனமாகும்.
Savitribai Phule Pune University,Maharashtra,Pune,http://www.unipune.ac.in,What programs does SPPU offer?,"SPPU offers undergraduate, postgraduate, and doctoral programs across various disciplines including Arts, Science, Commerce, Law, and professional courses.",en,admissions,SPPU किन कार्यक्रमों की पेशकश करता है?,"SPPU कला, विज्ञान, वाणिज्य, कानून और पेशेवर पाठ्यक्रमों सहित विभिन्न विषयों में स्नातक, स्नातकोत्तर और डॉक्टरेट कार्यक्रम प्रदान करता है।",एसपीपीयू कोणते प्रोग्राम ऑफर करते?,"एसपीपीयू कला, विज्ञान, वाणिज्य, कायदा आणि व्यावसायिक अभ्यासक्रमांसह विविध विषयांमध्ये पदवीधर, पदव्युत्तर आणि डॉक्टरेट प्रोग्राम ऑफर करते.",SPPU என்ன திட்டங்களை வழங்குகிறது?,"SPPU கலை, அறிவியல், வர்த்தகம், சட்டம் மற்றும் தொழில்முறை படிப்புகள் உள்ளிட்ட பல்வேறு துறைகளில் இளங்கலை, முதுகலை மற்றும் முனைவர் திட்டங்களை வழங்குகிறது."
Indian Institute of Technology Delhi,Delhi,New Delhi,https://home.iitd.ac.in,What scholarship schemes are available for undergraduate students at IIT Delhi?,"Merit-cum-Means Scholarships are available for BTech and MSc students with CGPA of 6 and family income not exceeding Rs 4.5 lakh per annum. These cover tuition fees and provide Rs 1,000 per month to up to 25% of eligible students. SC/ST/PwD category students receive full tuition fee waiver.",en,scholarships,IIT दिल्ली में स्नातक छात्रों के लिए कौन सी छात्रवृत्ति योजनाएं उपलब्ध हैं?,"मेरिट-कम-मीन्स स्कॉलरशिप 6 के सीजीपीए के साथ बीटेक और एमएससी छात्रों के लिए उपलब्ध हैं और पारिवारिक आय प्रति वर्ष 4.5 लाख रुपये से अधिक नहीं है। ये कवर ट्यूशन फीस और 25% तक पात्र छात्रों के लिए प्रति माह 1,000 रुपये प्रदान करते हैं। SC/ST/PWD श्रेणी के छात्रों को पूर्ण ट्यूशन शुल्क छूट प्राप्त होती है।",आयआयटी दिल्ली येथे पदवीधर विद्यार्थ्यांसाठी कोणत्या शिष्यवृत्ती योजना उपलब्ध आहेत?,बीटीईसीएच आणि एमएससी विद्यार्थ्यांसाठी 6 च्या सीजीपीए आणि कौटुंबिक उत्पन्न वर्षाकाठी lakh. Lakh लाखांपेक्षा जास्त नसलेल्या एमएससी विद्यार्थ्यांसाठी मेरिट-कम-मेन्स शिष्यवृत्ती उपलब्ध आहेत. हे ट्यूशन फी कव्हर करते आणि पात्र विद्यार्थ्यांपैकी 25% पर्यंत दरमहा 1000 रुपये प्रदान करते. एससी/एसटी/पीडब्ल्यूडी श्रेणी विद्यार्थ्यांना संपूर्ण शिकवणी फी माफी प्राप्त होते.,ஐ.ஐ.டி டெல்லியில் இளங்கலை மாணவர்களுக்கு என்ன உதவித்தொகை திட்டங்கள் உள்ளன?,"பி.டி.இ.சி மற்றும் எம்.எஸ்.சி மாணவர்களுக்கு 6 மற்றும் 6 இன் சி.ஜி.பி.ஏ மற்றும் குடும்ப வருமானம் ஆண்டுக்கு ரூ .4.5 லட்சத்தை தாண்டாத மெரிட்-கம்-மெீன்ஸ் உதவித்தொகை கிடைக்கிறது. இந்த கல்விக் கட்டணங்களை உள்ளடக்கியது மற்றும் தகுதியான மாணவர்களில் 25% வரை மாதத்திற்கு ரூ .1,000 வழங்குகிறது. SC/ST/PWD வகை மாணவர்கள் முழு கல்வி கட்டண தள்ளுபடியைப் பெறுகிறார்கள்."
Indian Institute of Technology Delhi,Delhi,New Delhi,https://home.iitd.ac.in,What financial assistance is available for PhD students?,"PhD students receive teaching/research assistantship worth Rs 31,000 per month for first two years and Rs 35,000 per month for next two years. All PhD students can receive travel grant of Rs 1.5 lakh for attending conferences.",en,scholarships,पीएचडी छात्रों के लिए क्या वित्तीय सहायता उपलब्ध है?,"पीएचडी छात्रों को पहले दो वर्षों के लिए प्रति माह 31,000 रुपये और अगले दो वर्षों के लिए प्रति माह 35,000 रुपये प्रति माह शिक्षण/अनुसंधान सहायता प्राप्त होती है। सभी पीएचडी छात्र सम्मेलनों में भाग लेने के लिए 1.5 लाख रुपये का यात्रा अनुदान प्राप्त कर सकते हैं।",पीएचडी विद्यार्थ्यांसाठी कोणती आर्थिक मदत उपलब्ध आहे?,"पीएचडी विद्यार्थ्यांना पहिल्या दोन वर्षांसाठी दरमहा 31,000 रुपये आणि पुढील दोन वर्षांसाठी दरमहा, 000 35,००० रुपयांची अध्यापन/संशोधन सहाय्यकता मिळते. सर्व पीएचडी विद्यार्थ्यांना परिषदांमध्ये उपस्थित राहण्यासाठी 1.5 लाख रुपये ट्रॅव्हल अनुदान मिळू शकते.",பிஎச்.டி மாணவர்களுக்கு என்ன நிதி உதவி கிடைக்கிறது?,"பிஎச்.டி மாணவர்கள் முதல் இரண்டு ஆண்டுகளுக்கு மாதத்திற்கு ரூ .11,000 மதிப்புள்ள கற்பித்தல்/ஆராய்ச்சி உதவியாளர்களையும், அடுத்த இரண்டு ஆண்டுகளுக்கு மாதத்திற்கு ரூ .35,000 மதிப்புள்ளவர்களையும் பெறுகிறார்கள். அனைத்து பிஎச்.டி மாணவர்களும் மாநாடுகளில் கலந்துகொள்வதற்காக ரூ .1.5 லட்சம் பயண மானியத்தைப் பெறலாம்."
Indian Institute of Technology Delhi,Delhi,New Delhi,https://home.iitd.ac.in,Are there any donor-supported scholarships available?,"Yes, various donor-supported scholarships are available. For MSc students, scholarships worth Rs 50,000 per year for two years are offered to students with family income between Rs 5-9 lakh per annum, based on JAM rank.",en,scholarships,क्या कोई दाता-समर्थित छात्रवृत्ति उपलब्ध है?,"हां, विभिन्न दाता-समर्थित छात्रवृत्ति उपलब्ध हैं। एमएससी छात्रों के लिए, दो साल के लिए प्रति वर्ष 50,000 रुपये की छात्रवृत्ति छात्रों को जाम रैंक के आधार पर प्रति वर्ष 5-9 लाख रुपये के बीच पारिवारिक आय वाले छात्रों को पेश की जाती है।",तेथे काही देणगीदार-समर्थित शिष्यवृत्ती उपलब्ध आहेत का?,"होय, विविध देणगीदार-समर्थित शिष्यवृत्ती उपलब्ध आहेत. एमएससी विद्यार्थ्यांसाठी, दोन वर्षांसाठी दर वर्षी, 000०,००० रुपयांची शिष्यवृत्ती जाम रँकच्या आधारे कौटुंबिक उत्पन्न असलेल्या विद्यार्थ्यांना दरवर्षी lak- lakh लाख रुपयांच्या दरम्यान दिली जाते.",நன்கொடையாளர் ஆதரவு உதவித்தொகை ஏதேனும் உள்ளதா?,"ஆம், பல்வேறு நன்கொடையாளர்கள் ஆதரவு உதவித்தொகை கிடைக்கிறது. எம்.எஸ்.சி மாணவர்களுக்கு, இரண்டு வருடங்களுக்கு ஆண்டுக்கு ரூ .50,000 மதிப்புள்ள உதவித்தொகை, குடும்ப வருமானம் உள்ள மாணவர்களுக்கு ஆண்டுக்கு ரூ .5-9 லட்சம் வரை, ஜாம் தரவரிசை அடிப்படையில் வழங்கப்படுகிறது."
Indian Institute of Technology Delhi,Delhi,New Delhi,https://home.iitd.ac.in,What are the Merit Prizes and Certificates offered?,"Institute Merit Prizes worth Rs 2,500 are given as one-time awards to top 7% of students of each four-year BTech and five-year dual degree programs.",en,scholarships,योग्यता पुरस्कार और प्रमाण पत्र क्या हैं?,"2,500 रुपये के इंस्टीट्यूट मेरिट पुरस्कारों को प्रत्येक चार-वर्षीय बीटेक और पांच साल के दोहरे डिग्री कार्यक्रमों के 7% छात्रों के लिए एक बार के पुरस्कार के रूप में दिया जाता है।",योग्य बक्षिसे आणि प्रमाणपत्रे काय आहेत?,"२,500०० रुपयांची इन्स्टिट्यूट मेरिट बक्षिसे प्रत्येक चार वर्षांच्या बीटेक आणि पंचवार्षिक ड्युअल डिग्री प्रोग्रामच्या टॉप 7% विद्यार्थ्यांना एक-वेळ पुरस्कार म्हणून दिली जातात.",வழங்கப்படும் தகுதி பரிசுகள் மற்றும் சான்றிதழ்கள் என்ன?,"ரூ .2,500 மதிப்புள்ள இன்ஸ்டிடியூட் மெரிட் பரிசுகள் ஒவ்வொரு நான்கு ஆண்டு பி.டி.இ.சி மற்றும் ஐந்தாண்டு இரட்டை பட்டப்படிப்புகளின் முதல் 7% மாணவர்களுக்கு ஒரு முறை விருதுகளாக வழங்கப்படுகின்றன."
Indian Institute of Technology Delhi,Delhi,New Delhi,https://home.iitd.ac.in,What assistantships are available for MTech and MS(R) students?,"MDes, MTech, and MS(R) students are eligible for teaching and research assistantships worth Rs 12,400 per month. Dual degree students in fifth year with CGPA of 8 or higher also qualify.",en,scholarships,MTECH और MS (R) छात्रों के लिए कौन से सहायकशिप उपलब्ध हैं?,"MDES, MTECH, और MS (R) छात्र प्रति माह 12,400 रुपये के शिक्षण और अनुसंधान सहायता के लिए पात्र हैं। पांचवें वर्ष में 8 या उच्चतर के सीजीपीए के साथ दोहरी डिग्री छात्र भी अर्हता प्राप्त करते हैं।",एमटेक आणि एमएस (आर) विद्यार्थ्यांसाठी कोणती सहाय्यक उपलब्ध आहेत?,"एमडीईएस, एमटेक आणि एमएस (आर) विद्यार्थी दरमहा १२,4०० रुपयांच्या अध्यापन व संशोधन सहाय्यकांना पात्र आहेत. पाचव्या वर्षी ड्युअल डिग्री विद्यार्थी 8 किंवा त्याहून अधिक सीजीपीए देखील पात्र आहेत.",MTECH மற்றும் MS (R) மாணவர்களுக்கு என்ன உதவியாளர் கிடைக்கிறது?,"MDES, MTECH மற்றும் MS (R) மாணவர்கள் மாதத்திற்கு ரூ .12,400 மதிப்புள்ள கற்பித்தல் மற்றும் ஆராய்ச்சி உதவியாளர்களுக்கு தகுதியுடையவர்கள். ஐந்தாவது ஆண்டில் 8 அல்லது அதற்கு மேற்பட்ட சி.ஜி.பி.ஏ உடன் இரட்டை பட்டம் மாணவர்கள் தகுதி பெறுகிறார்கள்."
University of Delhi,Delhi,New Delhi,https://www.du.ac.in,What is the fee structure for BA (Hons) programs?,"BA (Hons) programs have annual fees ranging from INR 5,000 to INR 30,000 depending on the college and specialization. Admission is through CUET UG and CSAS counseling.",en,fees,बीए (ऑनर्स) कार्यक्रमों के लिए शुल्क संरचना क्या है?,"बीए (ऑनर्स) कार्यक्रमों में कॉलेज और विशेषज्ञता के आधार पर INR 5,000 से INR 30,000 तक वार्षिक शुल्क है। प्रवेश Cuet UG और CSAS परामर्श के माध्यम से है।",बीए (ऑनर्स) प्रोग्रामसाठी फी रचना काय आहे?,"बीए (ऑनर्स) प्रोग्राम्समध्ये महाविद्यालय आणि विशेषज्ञतेनुसार आयएनआर 5,000 ते आयएनआर 30,000 पर्यंत वार्षिक फी असते. प्रवेश क्यूएट यूजी आणि सीएसए समुपदेशनाद्वारे आहे.",பிஏ (ஹான்ஸ்) திட்டங்களுக்கான கட்டண அமைப்பு என்ன?,பி.ஏ. சேர்க்கை என்பது கியூட் யுஜி மற்றும் சிஎஸ்ஏஎஸ் ஆலோசனை மூலம்.
University of Delhi,Delhi,New Delhi,https://www.du.ac.in,What are the hostel charges at Delhi University?,"Hostel charges vary by room type: Single room - INR 53,000, Double sharing - INR 40,000, Triple sharing - INR 30,000. Mess charges are additional INR 25,000 and other charges INR 5,000.",en,fees,दिल्ली विश्वविद्यालय में छात्रावास क्या हैं?,"हॉस्टल के शुल्क कमरे के प्रकार से भिन्न होते हैं: सिंगल रूम - INR 53,000, डबल शेयरिंग - INR 40,000, ट्रिपल शेयरिंग - INR 30,000। मेस के शुल्क अतिरिक्त INR 25,000 और अन्य शुल्क INR 5,000 हैं।",दिल्ली विद्यापीठात वसतिगृह शुल्क काय आहे?,"वसतिगृह शुल्क खोलीच्या प्रकारानुसार बदलते: एकल खोली - आयएनआर 53,000, डबल शेअरिंग - आयएनआर 40,000, ट्रिपल सामायिकरण - 30,000. मेस शुल्क अतिरिक्त आयएनआर 25,000 आणि इतर शुल्क 5,000 आहे.",டெல்லி பல்கலைக்கழகத்தில் விடுதி கட்டணங்கள் யாவை?,"அறை வகை மூலம் விடுதி கட்டணங்கள் மாறுபடும்: ஒற்றை அறை - INR 53,000, இரட்டை பகிர்வு - INR 40,000, மூன்று பகிர்வு - 30,000 INR. மெஸ் கட்டணங்கள் 25,000 ரூபாய் மற்றும் பிற கட்டணங்கள் 5,000."
University of Delhi,Delhi,New Delhi,https://www.du.ac.in,What is the BTech fee structure at DU?,BTech programs at Delhi University have total fees of approximately INR 8.66 lakh. Admission requires JEE Main scores and CSAS counseling.,en,fees,DU में BTech शुल्क संरचना क्या है?,दिल्ली विश्वविद्यालय में BTECH कार्यक्रमों की कुल फीस लगभग INR 8.66 लाख है। प्रवेश के लिए जेईई मुख्य स्कोर और सीएसएएस परामर्श की आवश्यकता है।,डीयू येथे बीटेक फी रचना काय आहे?,दिल्ली विद्यापीठातील बीटेक प्रोग्राम्समध्ये अंदाजे आयएनआर 8.66 लाख फी आहेत. प्रवेशासाठी जेईई मुख्य स्कोअर आणि सीएसए समुपदेशन आवश्यक आहे.,DU இல் BTECH கட்டண அமைப்பு என்ன?,டெல்லி பல்கலைக்கழகத்தில் BTECH திட்டங்கள் மொத்தம் 8.66 லட்சம் கட்டணங்களைக் கொண்டுள்ளன. சேர்க்கைக்கு JEE முக்கிய மதிப்பெண்கள் மற்றும் CSAS ஆலோசனை தேவை.
University of Delhi,Delhi,New Delhi,https://www.du.ac.in,Which entrance exams are accepted for different programs?,"CUET UG for undergraduate programs, CUET PG for postgraduate programs, JEE Main for BTech, NEET for medical courses, and CAT with GD/PI for MBA at FMS Delhi.",en,exams,विभिन्न कार्यक्रमों के लिए कौन सी प्रवेश परीक्षा स्वीकार की जाती है?,"अंडरग्रेजुएट कार्यक्रमों के लिए CUET UG, स्नातकोत्तर कार्यक्रमों के लिए CUET PG, BTECH के लिए JEE MAIN, मेडिकल पाठ्यक्रमों के लिए NEET, और FMS दिल्ली में MBA के लिए GD/PI के साथ CAT।",वेगवेगळ्या कार्यक्रमांसाठी कोणती प्रवेश परीक्षा स्वीकारली जातात?,"पदव्युत्तर कार्यक्रमांसाठी क्यूट यूजी, पदव्युत्तर कार्यक्रमांसाठी कुएट पीजी, बीटेकसाठी जेईई मेन, वैद्यकीय अभ्यासक्रमांसाठी एनईईटी आणि एफएमएस दिल्ली येथे एमबीएसाठी जीडी/पीआय सह कॅट.",வெவ்வேறு திட்டங்களுக்கு எந்த நுழைவுத் தேர்வுகள் ஏற்றுக்கொள்ளப்படுகின்றன?,இளங்கலை திட்டங்களுக்கான கியூட் யு.ஜி.
University of Delhi,Delhi,New Delhi,https://www.du.ac.in,What are the minimum eligibility criteria for different courses?,"BA (Hons): 10+2 with min 45% marks, B.Com (Hons): 10+2 with Mathematics and min 50% marks, BSc (Hons): 10+2 with PCM/PCB and min 55% marks, BTech: 10+2 with PCM and min 60% marks.",en,admissions,विभिन्न पाठ्यक्रमों के लिए न्यूनतम पात्रता मानदंड क्या हैं?,"बीए (ऑनर्स): 10+2 मिनट 45% मार्क्स के साथ, बी.कॉम (ऑनर्स): गणित और न्यूनतम 50% मार्क्स के साथ 10+2, बीएससी (ऑनर्स): 10+2 पीसीएम/पीसीबी और न्यूनतम 55% मार्क्स के साथ, बीटेक: 10+2 पीसीएम और न्यूनतम 60% मार्क्स के साथ।",वेगवेगळ्या अभ्यासक्रमांसाठी किमान पात्रतेचे निकष काय आहेत?,"बीए (ऑनर्स): मिनिट 45% गुणांसह 10+2, बी.कॉम (ऑनर्स): 10+2 गणितासह आणि मिनिट 50% गुण, बीएससी (ऑनर्स): 10+2 पीसीएम/पीसीबी आणि मि 55% गुणांसह, बीटेक: पीसीएमसह 10+2 आणि मिनिट 60% गुण.",வெவ்வேறு படிப்புகளுக்கான குறைந்தபட்ச தகுதி அளவுகோல்கள் யாவை?,"பி.ஏ (ஹான்ஸ்): நிமிடம் 45% மதிப்பெண்களுடன் 10+2, பி.காம் (ஹான்ஸ்): கணிதத்துடன் 10+2 மற்றும் நிமிடம் 50% மதிப்பெண்கள், பி.எஸ்.சி (ஹான்ஸ்): பிசிஎம்/பிசிபியுடன் 10+2 மற்றும் நிமிடம் 55% மதிப்பெண்கள், பி.டி.இ.சி: 10+2 பிசிஎம் மற்றும் நிமிடம் 60% மதிப்பெண்கள்."
University of Delhi,Delhi,New Delhi,https://www.du.ac.in,What is the CSAS counseling process?,Common Seat Allocation System (CSAS) is used for admission to UG and PG programs after CUET results. Candidates need to register separately for CSAS after appearing for CUET.,en,admissions,CSAS परामर्श प्रक्रिया क्या है?,COET परिणामों के बाद UG और PG कार्यक्रमों में प्रवेश के लिए कॉमन सीट आवंटन प्रणाली (CSAS) का उपयोग किया जाता है। CUET के लिए उपस्थित होने के बाद उम्मीदवारों को CSAS के लिए अलग से पंजीकरण करने की आवश्यकता है।,सीएसएएस समुपदेशन प्रक्रिया काय आहे?,क्यूएटीच्या निकालानंतर यूजी आणि पीजी प्रोग्राममध्ये प्रवेशासाठी सामान्य सीट वाटप प्रणाली (सीएसएएस) वापरली जाते. उमेदवारांना क्यूएटीमध्ये हजेरी लावल्यानंतर सीएसएसाठी स्वतंत्रपणे नोंदणी करणे आवश्यक आहे.,CSAS ஆலோசனை செயல்முறை என்றால் என்ன?,CUET முடிவுகளுக்குப் பிறகு UG மற்றும் PG திட்டங்களை அனுமதிக்க பொதுவான இருக்கை ஒதுக்கீடு அமைப்பு (CSAS) பயன்படுத்தப்படுகிறது. CUET க்கு தோன்றிய பிறகு வேட்பாளர்கள் CSA களுக்கு தனித்தனியாக பதிவு செய்ய வேண்டும்.
Jawaharlal Nehru University,Delhi,New Delhi,https://www.jnu.ac.in,What is the exam pattern for JNU admissions through CUET?,"For UG admissions through CUET UG: Section IA (Language - 40/50 questions in 45 min), Section IB (Different language), Section II (Domain specific - 35/40 questions in 45 min), Section III (General Test - 50/60 questions in 60 min).",en,exams,CUET के माध्यम से JNU प्रवेश के लिए परीक्षा पैटर्न क्या है?,"CUET UG के माध्यम से UG प्रवेश के लिए: धारा IA (भाषा - 45 मिनट में 40/50 प्रश्न), धारा IB (अलग भाषा), धारा II (डोमेन विशिष्ट - 45 मिनट में 35/40 प्रश्न), खंड III (सामान्य परीक्षण - 60 मिनट में 50/60 प्रश्न)।",कुएटद्वारे जेएनयू प्रवेशासाठी परीक्षेचा नमुना काय आहे?,"क्यूएट यूजीद्वारे यूजी प्रवेशासाठी: विभाग आयए (भाषा - 45 मिनिटांमधील 40/50 प्रश्न), विभाग आयबी (भिन्न भाषा), विभाग II (डोमेन विशिष्ट - 45 मिनिटात 35/40 प्रश्न), विभाग III (सामान्य चाचणी - 60 मिनिटात 50/60 प्रश्न).",CUET மூலம் JNU சேர்க்கைக்கான தேர்வு முறை என்ன?,"கியூட் யுஜி மூலம் யுஜி சேர்க்கைகளுக்கு: பிரிவு ஐஏ (மொழி - 45 நிமிடத்தில் 40/50 கேள்விகள்), பிரிவு ஐபி (வெவ்வேறு மொழி), பிரிவு II (டொமைன் குறிப்பிட்ட - 35/40 கேள்விகள் 45 நிமிடத்தில்), பிரிவு III (பொது சோதனை - 50/60 கேள்விகள் 60 நிமிடத்தில்)."
Jawaharlal Nehru University,Delhi,New Delhi,https://www.jnu.ac.in,What is the marking scheme for CUET exams?,"For correct answers: +5 marks in UG, +4 marks in PG. For incorrect answers: -1 mark in both UG and PG. No marks for unanswered questions.",en,exams,CUET परीक्षा के लिए मार्किंग स्कीम क्या है?,"सही उत्तर के लिए: यूजी में +5 अंक, पीजी में +4 अंक। गलत उत्तर के लिए: -1 UG और PG दोनों में चिह्न। अनुत्तरित प्रश्नों के लिए कोई निशान नहीं।",क्यूएटी परीक्षेसाठी चिन्हांकित योजना काय आहे?,"योग्य उत्तरांसाठी: यूजी मधील +5 गुण, पीजी मधील +4 गुण. चुकीच्या उत्तरांसाठी: -1 यूजी आणि पीजी दोन्हीमध्ये चिन्हांकित करा. अनुत्तरीत प्रश्नांसाठी कोणतेही गुण नाहीत.",CUET தேர்வுகளுக்கான குறிக்கும் திட்டம் என்ன?,"சரியான பதில்களுக்கு: யு.ஜி.யில் +5 மதிப்பெண்கள், பி.ஜி.யில் +4 மதிப்பெண்கள். தவறான பதில்களுக்கு: -1 யுஜி மற்றும் பி.ஜி இரண்டிலும் குறி. பதிலளிக்கப்படாத கேள்விகளுக்கு மதிப்பெண்கள் இல்லை."
Jawaharlal Nehru University,Delhi,New Delhi,https://www.jnu.ac.in,Is viva voce examination conducted for all programs?,"No viva voce examination is held for admission to any program except for PhD. For PhD admissions, candidates qualifying in CBT are called for viva voce examination.",en,exams,क्या सभी कार्यक्रमों के लिए विवा वॉयस परीक्षा आयोजित की जाती है?,"पीएचडी को छोड़कर किसी भी कार्यक्रम में प्रवेश के लिए कोई विवा वोके परीक्षा आयोजित नहीं की जाती है। पीएचडी प्रवेश के लिए, सीबीटी में अर्हता प्राप्त करने वाले उम्मीदवारों को विवा वॉयस परीक्षा के लिए बुलाया जाता है।",सर्व कार्यक्रमांसाठी व्हिवा व्होस परीक्षा घेण्यात आली आहे का?,"पीएचडी वगळता कोणत्याही कार्यक्रमात प्रवेश घेण्यासाठी कोणतीही व्हिवा व्हीओसीई परीक्षा घेतली जात नाही. पीएचडी प्रवेशासाठी, सीबीटीमध्ये पात्र असलेल्या उमेदवारांना व्हिवा व्हॉईस परीक्षेसाठी बोलावले जाते.",விவா வோஸ் தேர்வு அனைத்து திட்டங்களுக்கும் நடத்தப்பட்டதா?,"பி.எச்.டி தவிர வேறு எந்த திட்டத்திலும் சேர்க்கப்படுவதற்கு விவா வோஸ் தேர்வு எதுவும் நடத்தப்படவில்லை. பி.எச்.டி சேர்க்கைக்கு, சிபிடியில் தகுதி பெறும் வேட்பாளர்கள் விவா வோஸ் தேர்வுக்கு அழைக்கப்படுகிறார்கள்."
Jawaharlal Nehru University,Delhi,New Delhi,https://www.jnu.ac.in,What are the qualifying marks for different categories?,"Qualifying marks for General Category: 50%. For SC, ST, OBC, PWD, EWS categories: 45%. However, scoring qualifying marks does not automatically ensure admission.",en,exams,विभिन्न श्रेणियों के लिए योग्यता के निशान क्या हैं?,"सामान्य श्रेणी के लिए क्वालीफाइंग मार्क्स: 50%। SC, ST, OBC, PWD, EWS श्रेणियों के लिए: 45%। हालांकि, स्कोरिंग क्वालीफाइंग मार्क्स स्वचालित रूप से प्रवेश सुनिश्चित नहीं करते हैं।",वेगवेगळ्या श्रेणींसाठी पात्रता गुण काय आहेत?,"सामान्य श्रेणीसाठी पात्रता गुण: 50%. एससी, एसटी, ओबीसी, पीडब्ल्यूडी, ईडब्ल्यूएस श्रेणी: 45%. तथापि, स्कोअरिंग क्वालिफाइंग मार्क्स आपोआप प्रवेश सुनिश्चित करत नाहीत.",வெவ்வேறு வகைகளுக்கான தகுதி மதிப்பெண்கள் யாவை?,"பொது வகைக்கான தகுதி மதிப்பெண்கள்: 50%. SC, ST, OBC, PWD, EWS வகைகளுக்கு: 45%. இருப்பினும், மதிப்பெண் தகுதி மதிப்பெண்கள் தானாகவே சேர்க்கை உறுதி செய்யாது."
Jawaharlal Nehru University,Delhi,New Delhi,https://www.jnu.ac.in,Which entrance exams are accepted for MBA admissions?,"For MBA admissions at JNU, CAT scores are considered. The CAT exam has 66 questions divided into three sections: Verbal Ability (24 questions), Data Interpretation & Logical Reasoning (20 questions), and Quantitative Ability (22 questions).",en,exams,एमबीए प्रवेश के लिए कौन सी प्रवेश परीक्षा स्वीकार की जाती है?,"जेएनयू में एमबीए प्रवेश के लिए, कैट स्कोर पर विचार किया जाता है। कैट परीक्षा में 66 प्रश्न तीन खंडों में विभाजित हैं: मौखिक क्षमता (24 प्रश्न), डेटा व्याख्या और तार्किक तर्क (20 प्रश्न), और मात्रात्मक क्षमता (22 प्रश्न)।",एमबीए प्रवेशासाठी कोणती प्रवेश परीक्षा स्वीकारली जाते?,"जेएनयूमधील एमबीए प्रवेशासाठी, कॅट स्कोअरचा विचार केला जातो. मांजरीच्या परीक्षेत questions 66 प्रश्न तीन विभागांमध्ये विभागले गेले आहेत: तोंडी क्षमता (२ questions प्रश्न), डेटा व्याख्या आणि तार्किक तर्क (२० प्रश्न) आणि परिमाणात्मक क्षमता (२२ प्रश्न).",எம்பிஏ சேர்க்கைக்கு எந்த நுழைவுத் தேர்வுகள் ஏற்றுக்கொள்ளப்படுகின்றன?,"ஜே.என்.யுவில் எம்பிஏ சேர்க்கைக்கு, கேட் மதிப்பெண்கள் கருதப்படுகின்றன. கேட் தேர்வில் 66 கேள்விகள் மூன்று பிரிவுகளாகப் பிரிக்கப்பட்டுள்ளன: வாய்மொழி திறன் (24 கேள்விகள்), தரவு விளக்கம் மற்றும் தர்க்கரீதியான பகுத்தறிவு (20 கேள்விகள்) மற்றும் அளவு திறன் (22 கேள்விகள்)."
University of Mumbai,Maharashtra,Mumbai,https://mu.ac.in,What is NEP 2020 and how does it affect the syllabus?,"NEP (National Education Policy) 2020 has been implemented by Mumbai University. It includes major and minor subject combinations, multidisciplinary courses, skill enhancement courses, and exit options at different levels (Certificate, Diploma, Degree).",en,exams,एनईपी 2020 क्या है और यह पाठ्यक्रम को कैसे प्रभावित करता है?,"एनईपी (राष्ट्रीय शिक्षा नीति) 2020 को मुंबई विश्वविद्यालय द्वारा लागू किया गया है। इसमें प्रमुख और मामूली विषय संयोजन, बहु -विषयक पाठ्यक्रम, कौशल वृद्धि पाठ्यक्रम और विभिन्न स्तरों (प्रमाणपत्र, डिप्लोमा, डिग्री) पर निकास विकल्प शामिल हैं।",एनईपी 2020 म्हणजे काय आणि अभ्यासक्रमावर त्याचा कसा परिणाम होतो?,"एनईपी (नॅशनल एज्युकेशन पॉलिसी) २०२० ची अंमलबजावणी मुंबई विद्यापीठाने केली आहे. यात प्रमुख आणि किरकोळ विषय संयोजन, बहु -अनुशासनात्मक अभ्यासक्रम, कौशल्य वर्धित अभ्यासक्रम आणि वेगवेगळ्या स्तरांवर एक्झिट पर्याय (प्रमाणपत्र, डिप्लोमा, पदवी) समाविष्ट आहेत.","NEP 2020 என்றால் என்ன, அது பாடத்திட்டத்தை எவ்வாறு பாதிக்கிறது?","NEP (தேசிய கல்வி கொள்கை) 2020 மும்பை பல்கலைக்கழகத்தால் செயல்படுத்தப்பட்டுள்ளது. இதில் பெரிய மற்றும் சிறிய பொருள் சேர்க்கைகள், பலதரப்பட்ட படிப்புகள், திறன் மேம்பாட்டு படிப்புகள் மற்றும் வெவ்வேறு நிலைகளில் வெளியேறும் விருப்பங்கள் (சான்றிதழ், டிப்ளோமா, பட்டம்) ஆகியவை அடங்கும்."
University of Mumbai,Maharashtra,Mumbai,https://mu.ac.in,What is the credit system under NEP for UG programs?,"Under NEP 2020, UG programs follow a credit-based system with flexible major-minor combinations, skill courses, and value-added courses. Students can choose subjects across disciplines.",en,timetable,यूजी कार्यक्रमों के लिए एनईपी के तहत क्रेडिट सिस्टम क्या है?,"एनईपी 2020 के तहत, यूजी कार्यक्रम लचीले प्रमुख-माइनर संयोजनों, कौशल पाठ्यक्रम और मूल्य वर्धित पाठ्यक्रमों के साथ एक क्रेडिट-आधारित प्रणाली का पालन करते हैं। छात्र विषयों में विषयों का चयन कर सकते हैं।",यूजी प्रोग्रामसाठी एनईपी अंतर्गत क्रेडिट सिस्टम काय आहे?,"एनईपी 2020 अंतर्गत, यूजी प्रोग्राम लवचिक मेजर-मायनर संयोजन, कौशल्य अभ्यासक्रम आणि मूल्यवर्धित अभ्यासक्रमांसह क्रेडिट-आधारित प्रणालीचे अनुसरण करतात. विद्यार्थी विषयांवर विषय निवडू शकतात.",யுஜி திட்டங்களுக்கான NEP இன் கீழ் கடன் அமைப்பு என்ன?,"NEP 2020 இன் கீழ், யுஜி திட்டங்கள் நெகிழ்வான பெரிய-மினோர் சேர்க்கைகள், திறன் படிப்புகள் மற்றும் மதிப்பு கூட்டப்பட்ட படிப்புகளுடன் கடன் அடிப்படையிலான அமைப்பைப் பின்பற்றுகின்றன. மாணவர்கள் துறைகளில் பாடங்களைத் தேர்வு செய்யலாம்."
University of Mumbai,Maharashtra,Mumbai,https://mu.ac.in,Can I change my college after first year?,College transfer is possible but subject to availability of seats and university norms. Students need to apply through proper channels and meet eligibility criteria for the desired college.,en,admissions,क्या मैं पहले साल के बाद अपना कॉलेज बदल सकता हूं?,"कॉलेज स्थानांतरण संभव है, लेकिन सीटों और विश्वविद्यालय के मानदंडों की उपलब्धता के अधीन है। छात्रों को उचित चैनलों के माध्यम से आवेदन करने और वांछित कॉलेज के लिए पात्रता मानदंडों को पूरा करने की आवश्यकता है।",मी पहिल्या वर्षानंतर माझे कॉलेज बदलू शकतो?,महाविद्यालयीन हस्तांतरण शक्य आहे परंतु जागा आणि विद्यापीठाच्या निकषांच्या उपलब्धतेच्या अधीन आहे. विद्यार्थ्यांना योग्य चॅनेलद्वारे अर्ज करणे आणि इच्छित महाविद्यालयासाठी पात्रतेच्या निकषांची पूर्तता करणे आवश्यक आहे.,முதல் வருடத்திற்குப் பிறகு எனது கல்லூரியை மாற்ற முடியுமா?,"கல்லூரி பரிமாற்றம் சாத்தியமாகும், ஆனால் இருக்கைகள் மற்றும் பல்கலைக்கழக விதிமுறைகள் கிடைப்பதற்கு உட்பட்டது. மாணவர்கள் சரியான சேனல்கள் மூலம் விண்ணப்பிக்க வேண்டும் மற்றும் விரும்பிய கல்லூரிக்கு தகுதி அளவுகோல்களை பூர்த்தி செய்ய வேண்டும்."
University of Mumbai,Maharashtra,Mumbai,https://mu.ac.in,What is the semester pattern followed by Mumbai University?,Mumbai University follows a semester system with two semesters per academic year. Each semester is approximately 4-5 months long with continuous evaluation and end-semester examinations.,en,timetable,मुंबई विश्वविद्यालय के बाद सेमेस्टर पैटर्न क्या है?,"मुंबई विश्वविद्यालय एक सेमेस्टर प्रणाली का अनुसरण करता है, जिसमें प्रति शैक्षणिक वर्ष दो सेमेस्टर होते हैं। प्रत्येक सेमेस्टर निरंतर मूल्यांकन और अंत सेमेस्टर परीक्षाओं के साथ लगभग 4-5 महीने लंबा है।",मुंबई विद्यापीठानंतर सेमेस्टर पॅटर्न काय आहे?,मुंबई विद्यापीठ प्रति शैक्षणिक वर्ष दोन सेमेस्टरसह सेमेस्टर सिस्टमचे अनुसरण करते. प्रत्येक सेमेस्टर सतत मूल्यांकन आणि शेवटच्या-सेमेस्टर परीक्षांसह अंदाजे 4-5 महिने लांब असते.,மும்பை பல்கலைக்கழகத்தைத் தொடர்ந்து செமஸ்டர் முறை என்ன?,மும்பை பல்கலைக்கழகம் ஒரு கல்வியாண்டில் இரண்டு செமஸ்டர்களுடன் ஒரு செமஸ்டர் முறையைப் பின்பற்றுகிறது. ஒவ்வொரு செமஸ்டரும் தொடர்ச்சியான மதிப்பீடு மற்றும் இறுதி செமஸ்டர் தேர்வுகளுடன் சுமார் 4-5 மாதங்கள் நீளமாக இருக்கும்.
University of Mumbai,Maharashtra,Mumbai,https://mu.ac.in,Is there any provision for online examinations?,"Mumbai University has provision for online examinations and take-home exams, especially implemented during COVID-19. The mode of examination varies based on circumstances and university decisions.",en,exams,क्या ऑनलाइन परीक्षाओं के लिए कोई प्रावधान है?,"मुंबई विश्वविद्यालय में ऑनलाइन परीक्षाओं और टेक-होम परीक्षाओं के लिए प्रावधान है, विशेष रूप से COVID-19 के दौरान लागू किया गया है। परीक्षा का तरीका परिस्थितियों और विश्वविद्यालय के फैसलों के आधार पर भिन्न होता है।",ऑनलाइन परीक्षांची काही तरतूद आहे का?,"मुंबई विद्यापीठात ऑनलाईन परीक्षा आणि टेक-होम परीक्षांची तरतूद आहे, विशेषत: कोविड -१ during दरम्यान अंमलात आणली गेली. परीक्षेची पद्धत परिस्थिती आणि विद्यापीठाच्या निर्णयावर आधारित बदलते.",ஆன்லைன் தேர்வுகளுக்கு ஏதேனும் ஏற்பாடு உள்ளதா?,"மும்பை பல்கலைக்கழகம் ஆன்லைன் தேர்வுகள் மற்றும் டேக்-ஹோம் தேர்வுகளுக்கான ஏற்பாடுகளைக் கொண்டுள்ளது, குறிப்பாக கோவ் -19 இன் போது செயல்படுத்தப்படுகிறது. சூழ்நிலைகள் மற்றும் பல்கலைக்கழக முடிவுகளின் அடிப்படையில் பரீட்சை முறை மாறுபடும்."
Banaras Hindu University,Uttar Pradesh,Varanasi,https://www.bhu.ac.in,How many hostels are available at BHU?,"BHU has 72 hostels accommodating nearly 11,000 students. There are separate hostels for boys and girls with modern amenities including internet facilities. Some hostels include Ganga, Yamuna, Saraswati, Godawari, Gomti, and Kaveri in the Triveni Complex.",en,admissions,BHU में कितने हॉस्टल उपलब्ध हैं?,"BHU में लगभग 11,000 छात्रों को समायोजित करने वाले 72 हॉस्टल हैं। इंटरनेट सुविधाओं सहित आधुनिक सुविधाओं वाले लड़कों और लड़कियों के लिए अलग -अलग हॉस्टल हैं। कुछ छात्रावासों में त्रिवेनी परिसर में गंगा, यमुना, सरस्वती, गोडावरी, गोमती और कावेरी शामिल हैं।",बीएचयूमध्ये किती वसतिगृह उपलब्ध आहेत?,"बीएचयूमध्ये 72 वसतिगृह आहेत ज्यात सुमारे 11,000 विद्यार्थी आहेत. इंटरनेट सुविधांसह आधुनिक सुविधांसह मुले आणि मुलींसाठी स्वतंत्र वसतिगृहे आहेत. काही वसतिगृहांमध्ये गंगा, यमुना, सरस्वती, गोदावरी, गोमी आणि कावेरी यांचा समावेश आहे.",BHU இல் எத்தனை விடுதிகள் கிடைக்கின்றன?,"BHU இல் 72 விடுதிகள் கிட்டத்தட்ட 11,000 மாணவர்களைக் கொண்டுள்ளன. இணைய வசதிகள் உள்ளிட்ட நவீன வசதிகளைக் கொண்ட சிறுவர் சிறுமிகளுக்கு தனி விடுதிகள் உள்ளன. சில விடுதிகளில் கங்கா, யமுனா, சரஸ்வதி, கோடாவரி, கோம்டி மற்றும் திரிவேனி வளாகத்தில் காவேரி ஆகியோர் அடங்குவர்."
Banaras Hindu University,Uttar Pradesh,Varanasi,https://www.bhu.ac.in,What is the detailed hostel fee structure?,"Boys hostel fees: Rs 7,500 per year, Girls hostel fees: Rs 8,500 per year (excluding mess charges). Around 5% of hostel seats are available for paid allotment with additional charges.",en,fees,विस्तृत हॉस्टल शुल्क संरचना क्या है?,"बॉयज़ हॉस्टल फीस: 7,500 रुपये प्रति वर्ष, गर्ल्स हॉस्टल फीस: प्रति वर्ष 8,500 रुपये (मेस के शुल्क को छोड़कर)। अतिरिक्त शुल्क के साथ भुगतान आवंटन के लिए लगभग 5% छात्रावास सीटें उपलब्ध हैं।",तपशीलवार वसतिगृह फी रचना काय आहे?,"मुलांचे वसतिगृह फी: दर वर्षी 7,500 रुपये, मुलींचे वसतिगृह फी: दर वर्षी 8,500 रुपये (गोंधळ शुल्क वगळता). अतिरिक्त शुल्कासह सशुल्क वाटपासाठी सुमारे 5% वसतिगृह जागा उपलब्ध आहेत.",விரிவான விடுதி கட்டண அமைப்பு என்ன?,"சிறுவர்கள் விடுதி கட்டணம்: ஆண்டுக்கு ரூ .7,500, பெண்கள் விடுதி கட்டணம்: ஆண்டுக்கு ரூ .8,500 (குழப்பக் கட்டணங்களைத் தவிர). கூடுதல் கட்டணங்களுடன் கட்டண ஒதுக்கீட்டிற்கு சுமார் 5% விடுதி இருக்கைகள் கிடைக்கின்றன."
Banaras Hindu University,Uttar Pradesh,Varanasi,https://www.bhu.ac.in,What facilities are provided in BHU hostels?,"BHU hostels provide Wi-Fi connectivity, laundry services, mess facilities with vegetarian and non-vegetarian options, common rooms for recreation, indoor and outdoor games facilities, and 24/7 security with surveillance.",en,admissions,BHU हॉस्टल में क्या सुविधाएं प्रदान की जाती हैं?,"BHU हॉस्टल वाई-फाई कनेक्टिविटी, कपड़े धोने की सेवाएं, शाकाहारी और गैर-शाकाहारी विकल्पों के साथ मेस सुविधाएं, मनोरंजन के लिए सामान्य कमरे, इनडोर और आउटडोर खेलों की सुविधा और निगरानी के साथ 24/7 सुरक्षा प्रदान करते हैं।",बीएचयू वसतिगृहात कोणत्या सुविधा पुरविल्या जातात?,"बीएचयू वसतिगृह वाय-फाय कनेक्टिव्हिटी, कपडे धुऊन मिळण्याचे ठिकाण, शाकाहारी आणि मांसाहारी पर्यायांसह गोंधळ सुविधा, मनोरंजनासाठी सामान्य खोल्या, घरातील आणि मैदानी खेळ सुविधा आणि पाळत ठेवण्यासह 24/7 सुरक्षा प्रदान करतात.",BHU விடுதிகளில் என்ன வசதிகள் வழங்கப்படுகின்றன?,"BHU விடுதிகள் வைஃபை இணைப்பு, சலவை சேவைகள், சைவ மற்றும் அசைவம் விருப்பங்களுடன் குழப்பமான வசதிகள், பொழுதுபோக்கு, உட்புற மற்றும் வெளிப்புற விளையாட்டு வசதிகளுக்கான பொதுவான அறைகள் மற்றும் கண்காணிப்புடன் 24/7 பாதுகாப்பு ஆகியவற்றை வழங்குகின்றன."
Banaras Hindu University,Uttar Pradesh,Varanasi,https://www.bhu.ac.in,What are the safety and security measures in hostels?,"BHU hostels have 24/7 surveillance, controlled entry and exit points, dedicated security personnel, fire safety equipment, and regular safety drills to ensure student safety.",en,admissions,हॉस्टल में सुरक्षा और सुरक्षा उपाय क्या हैं?,"BHU हॉस्टल में 24/7 निगरानी, ​​नियंत्रित प्रवेश और निकास अंक, समर्पित सुरक्षा कर्मियों, अग्नि सुरक्षा उपकरण और छात्र सुरक्षा सुनिश्चित करने के लिए नियमित सुरक्षा अभ्यास हैं।",वसतिगृहांमध्ये सुरक्षा आणि सुरक्षा उपाय काय आहेत?,"बीएचयू वसतिगृहांमध्ये 24/7 पाळत ठेवणे, नियंत्रित प्रवेश आणि एक्झिट पॉईंट्स, समर्पित सुरक्षा कर्मचारी, अग्निसुरक्षा उपकरणे आणि विद्यार्थ्यांची सुरक्षा सुनिश्चित करण्यासाठी नियमित सुरक्षा ड्रिल आहेत.",விடுதிகளில் பாதுகாப்பு மற்றும் பாதுகாப்பு நடவடிக்கைகள் என்ன?,"மாணவர்களின் பாதுகாப்பை உறுதி செய்வதற்காக BHU விடுதிகளில் 24/7 கண்காணிப்பு, கட்டுப்படுத்தப்பட்ட நுழைவு மற்றும் வெளியேறும் புள்ளிகள், அர்ப்பணிப்பு பாதுகாப்பு பணியாளர்கள், தீ பாதுகாப்பு உபகரணங்கள் மற்றும் வழக்கமான பாதுகாப்பு பயிற்சிகள் உள்ளன."
Banaras Hindu University,Uttar Pradesh,Varanasi,https://www.bhu.ac.in,Is medical support available for hostel residents?,"Yes, on-campus medical support is available through the university health centre offering basic healthcare and emergency services. Regular health check-ups and access to nearby hospitals ensure student well-being.",en,admissions,क्या छात्रावास के निवासियों के लिए चिकित्सा सहायता उपलब्ध है?,"हां, ऑन-कैंपस मेडिकल सपोर्ट यूनिवर्सिटी हेल्थ सेंटर के माध्यम से बेसिक हेल्थकेयर और इमरजेंसी सर्विसेज की पेशकश के माध्यम से उपलब्ध है। नियमित स्वास्थ्य जांच और आस-पास के अस्पतालों तक पहुंच छात्र को कल्याण सुनिश्चित करती है।",वसतिगृह रहिवाशांसाठी वैद्यकीय समर्थन उपलब्ध आहे का?,"होय, ऑन-कॅम्पस मेडिकल सपोर्ट युनिव्हर्सिटी हेल्थ सेंटरद्वारे मूलभूत आरोग्य सेवा आणि आपत्कालीन सेवा उपलब्ध करुन उपलब्ध आहे. नियमित आरोग्य तपासणी आणि जवळपासच्या रुग्णालयात प्रवेश विद्यार्थ्यांचे कल्याण सुनिश्चित करते.",விடுதி குடியிருப்பாளர்களுக்கு மருத்துவ ஆதரவு கிடைக்குமா?,"ஆம், அடிப்படை சுகாதார மற்றும் அவசர சேவைகளை வழங்கும் பல்கலைக்கழக சுகாதார மையம் மூலம் வளாகத்தில் உள்ள மருத்துவ ஆதரவு கிடைக்கிறது. வழக்கமான சுகாதார சோதனைகள் மற்றும் அருகிலுள்ள மருத்துவமனைகளுக்கான அணுகல் மாணவர்களின் நல்வாழ்வை உறுதி செய்கின்றன."
Anna University,Tamil Nadu,Chennai,https://www.annauniv.edu,What is the current examination pattern at Anna University?,"Anna University examinations have three sections: Section A (10 two-mark questions), Section B (five 16-mark questions with internal choice), and Section C (one 15-mark comprehensive question). Each semester exam is conducted for 100 marks.",en,exams,अन्ना विश्वविद्यालय में वर्तमान परीक्षा पैटर्न क्या है?,"अन्ना विश्वविद्यालय की परीक्षाओं में तीन खंड हैं: धारा ए (10 दो-निशान प्रश्न), खंड बी (आंतरिक विकल्प के साथ पांच 16-अंक प्रश्न), और खंड सी (एक 15-मार्क व्यापक प्रश्न)। प्रत्येक सेमेस्टर परीक्षा 100 अंकों के लिए आयोजित की जाती है।",अण्णा विद्यापीठातील सध्याच्या परीक्षेचा नमुना काय आहे?,"अण्णा विद्यापीठाच्या परीक्षांमध्ये तीन विभाग आहेत: कलम अ (10 दोन-मार्क प्रश्न), विभाग बी (अंतर्गत निवडीसह पाच 16-मार्क प्रश्न) आणि विभाग सी (एक 15-मार्क सर्वसमावेशक प्रश्न). प्रत्येक सेमेस्टर परीक्षा 100 गुणांसाठी घेतली जाते.",அண்ணா பல்கலைக்கழகத்தில் தற்போதைய தேர்வு முறை என்ன?,"அண்ணா பல்கலைக்கழக தேர்வுகளில் மூன்று பிரிவுகள் உள்ளன: பிரிவு A (10 இரண்டு-குறி கேள்விகள்), பிரிவு B (உள் தேர்வுடன் ஐந்து 16-மார்க் கேள்விகள்), மற்றும் பிரிவு C (ஒரு 15-மார்க் விரிவான கேள்வி). ஒவ்வொரு செமஸ்டர் தேர்வும் 100 மதிப்பெண்களுக்கு நடத்தப்படுகிறது."
Anna University,Tamil Nadu,Chennai,https://www.annauniv.edu,How are internal marks calculated?,"Internal marks are awarded based on performance during the semester including assignment submissions, MCQ tests, and CIAT (Continuous Internal Assessment Tests) exams. Internal assessment carries significant weight in final grades.",en,exams,आंतरिक चिह्नों की गणना कैसे की जाती है?,"सेमेस्टर के दौरान प्रदर्शन के आधार पर आंतरिक निशान प्रदान किए जाते हैं, जिसमें असाइनमेंट सबमिशन, MCQ परीक्षण और CIAT (निरंतर आंतरिक मूल्यांकन परीक्षण) परीक्षा शामिल हैं। आंतरिक मूल्यांकन अंतिम ग्रेड में महत्वपूर्ण वजन वहन करता है।",अंतर्गत गुणांची गणना कशी केली जाते?,"सेमेस्टर दरम्यान कामगिरीच्या आधारे अंतर्गत गुण दिले जातात ज्यात असाइनमेंट सबमिशन, एमसीक्यू चाचण्या आणि सीआयएटी (सतत अंतर्गत मूल्यांकन चाचण्या) परीक्षांचा समावेश आहे. अंतर्गत मूल्यांकन अंतिम ग्रेडमध्ये महत्त्वपूर्ण वजन असते.",உள் மதிப்பெண்கள் எவ்வாறு கணக்கிடப்படுகின்றன?,"பணி சமர்ப்பிப்புகள், MCQ சோதனைகள் மற்றும் CIAT (தொடர்ச்சியான உள் மதிப்பீட்டு சோதனைகள்) தேர்வுகள் உள்ளிட்ட செமஸ்டரின் செயல்திறனின் அடிப்படையில் உள் மதிப்பெண்கள் வழங்கப்படுகின்றன. உள் மதிப்பீடு இறுதி தரங்களில் குறிப்பிடத்தக்க எடையைக் கொண்டுள்ளது."
Anna University,Tamil Nadu,Chennai,https://www.annauniv.edu,What are the minimum marks required to pass?,"To pass: Final marks should be minimum 50 out of 100, Theory marks should be minimum 45 out of 100. For internal marks, no minimum is required but they help boost final marks.",en,exams,पास करने के लिए आवश्यक न्यूनतम अंक क्या हैं?,"पास करने के लिए: अंतिम अंक 100 में से न्यूनतम 50 होने चाहिए, सिद्धांत चिह्न 100 में से न्यूनतम 45 होने चाहिए। आंतरिक अंकों के लिए, कोई न्यूनतम आवश्यक नहीं है, लेकिन वे अंतिम अंकों को बढ़ावा देने में मदद करते हैं।",पास करण्यासाठी आवश्यक किमान गुण काय आहेत?,"पास करण्यासाठी: अंतिम गुण 100 पैकी किमान 50 असावेत, सिद्धांत गुण 100 पैकी किमान 45 असावेत. अंतर्गत गुणांसाठी, किमान आवश्यक नाही परंतु अंतिम गुणांना चालना देण्यास ते मदत करतात.",கடந்து செல்ல தேவையான குறைந்தபட்ச மதிப்பெண்கள் யாவை?,"தேர்ச்சி: இறுதி மதிப்பெண்கள் 100 இல் குறைந்தபட்சம் 50 ஆக இருக்க வேண்டும், கோட்பாட்டு மதிப்பெண்கள் 100 இல் குறைந்தபட்சம் 45 ஆக இருக்க வேண்டும். உள் மதிப்பெண்களுக்கு, குறைந்தபட்சம் தேவையில்லை, ஆனால் அவை இறுதி மதிப்பெண்களை அதிகரிக்க உதவுகின்றன."
Anna University,Tamil Nadu,Chennai,https://www.annauniv.edu,When are semester examinations conducted?,"Anna University conducts semester exams in April/May and November/December. Practical exams are conducted first, followed by theory exams. Results are declared on the official website coe1.annauniv.edu.",en,timetable,सेमेस्टर परीक्षा कब आयोजित की जाती है?,"अन्ना विश्वविद्यालय अप्रैल/मई और नवंबर/दिसंबर में सेमेस्टर परीक्षा आयोजित करता है। प्रैक्टिकल परीक्षाएं पहले आयोजित की जाती हैं, इसके बाद थ्योरी परीक्षा होती है। परिणाम आधिकारिक वेबसाइट coe1.annauniv.edu पर घोषित किए जाते हैं।",सेमेस्टर परीक्षा कधी घेण्यात येतात?,"अण्णा विद्यापीठ एप्रिल/मे आणि नोव्हेंबर/डिसेंबरमध्ये सेमेस्टर परीक्षा घेते. व्यावहारिक परीक्षा प्रथम घेण्यात येतात, त्यानंतर सिद्धांत परीक्षा घेतात. Coe1.annauniv.edu या अधिकृत वेबसाइटवर निकाल घोषित केले जातात.",செமஸ்டர் தேர்வுகள் எப்போது நடத்தப்படுகின்றன?,"அண்ணா பல்கலைக்கழகம் ஏப்ரல்/மே மற்றும் நவம்பர்/டிசம்பர் மாதங்களில் செமஸ்டர் தேர்வுகளை நடத்துகிறது. நடைமுறை தேர்வுகள் முதலில் நடத்தப்படுகின்றன, அதைத் தொடர்ந்து கோட்பாடு தேர்வுகள். முடிவுகள் அதிகாரப்பூர்வ வலைத்தளமான coe1.annauniv.edu இல் அறிவிக்கப்பட்டுள்ளன."
Anna University,Tamil Nadu,Chennai,https://www.annauniv.edu,Is revaluation available for answer scripts?,"Yes, students can apply for revaluation or retotaling of answer scripts in case of discrepancies. The process is available through the official website or by contacting the university directly.",en,exams,क्या उत्तर स्क्रिप्ट के लिए पुनर्मूल्यांकन उपलब्ध है?,"हां, छात्र विसंगतियों के मामले में उत्तर स्क्रिप्ट के पुनर्मूल्यांकन या रिटोटलिंग के लिए आवेदन कर सकते हैं। यह प्रक्रिया आधिकारिक वेबसाइट के माध्यम से या विश्वविद्यालय से सीधे संपर्क करके उपलब्ध है।",उत्तर स्क्रिप्टसाठी पुनर्मूल्यांकन उपलब्ध आहे का?,"होय, विसंगती असल्यास उत्तर स्क्रिप्टचे पुनर्मूल्यांकन किंवा पुनर्मुद्रण करण्यासाठी विद्यार्थी अर्ज करू शकतात. ही प्रक्रिया अधिकृत वेबसाइटद्वारे किंवा थेट विद्यापीठाशी संपर्क साधून उपलब्ध आहे.",பதில் ஸ்கிரிப்ட்களுக்கு மறுமதிப்பீடு கிடைக்குமா?,"ஆம், மாணவர்கள் முரண்பாடுகளின் போது பதில் ஸ்கிரிப்ட்களை மறுமதிப்பீடு அல்லது மறுபரிசீலனை செய்ய விண்ணப்பிக்கலாம். இந்த செயல்முறை அதிகாரப்பூர்வ வலைத்தளம் மூலமாகவோ அல்லது பல்கலைக்கழகத்தை நேரடியாக தொடர்புகொள்வதன் மூலமாகவோ கிடைக்கிறது."
Aligarh Muslim University,Uttar Pradesh,Aligarh,https://www.amu.ac.in,What is the reservation policy at AMU?,"AMU follows the Government of India reservation policy with seats reserved for SC, ST, OBC, and EWS categories. Additionally, being a minority institution, it has internal reservations for Muslim candidates.",en,admissions,AMU में आरक्षण नीति क्या है?,"AMU SC, ST, OBC और EWS श्रेणियों के लिए आरक्षित सीटों के साथ भारत सरकार की आरक्षण नीति का अनुसरण करती है। इसके अतिरिक्त, एक अल्पसंख्यक संस्थान होने के नाते, इसमें मुस्लिम उम्मीदवारों के लिए आंतरिक आरक्षण है।",एएमयूमध्ये आरक्षण धोरण काय आहे?,"एएमयू एससी, एसटी, ओबीसी आणि ईडब्ल्यूएस श्रेणींसाठी राखीव असलेल्या जागांसह भारत आरक्षण धोरणाचे अनुसरण करते. याव्यतिरिक्त, अल्पसंख्याक संस्था असल्याने, त्यात मुस्लिम उमेदवारांसाठी अंतर्गत आरक्षण आहे.",AMU இல் முன்பதிவுக் கொள்கை என்ன?,"எஸ்சி, எஸ்டி, ஓபிசி மற்றும் ஈ.டபிள்யூ.எஸ் வகைகளுக்கு ஒதுக்கப்பட்ட இடங்களுடன் இந்திய அரசு இட ஒதுக்கீட்டுக் கொள்கையை அமு பின்பற்றுகிறது. கூடுதலாக, ஒரு சிறுபான்மை நிறுவனமாக இருப்பதால், இது முஸ்லீம் வேட்பாளர்களுக்கு உள் இட ஒதுக்கீட்டைக் கொண்டுள்ளது."
Aligarh Muslim University,Uttar Pradesh,Aligarh,https://www.amu.ac.in,Are there hostel facilities available?,AMU provides extensive hostel facilities for both male and female students. The university has separate hostels for different faculties and departments with mess facilities and other amenities.,en,admissions,क्या हॉस्टल सुविधाएं उपलब्ध हैं?,"एएमयू पुरुष और महिला दोनों छात्रों के लिए व्यापक छात्रावास सुविधाएं प्रदान करता है। विश्वविद्यालय में विभिन्न संकायों और विभागों के लिए अलग -अलग हॉस्टल हैं, जिनमें मेस सुविधाओं और अन्य सुविधाओं के साथ विभाग हैं।",तेथे वसतिगृह सुविधा उपलब्ध आहेत का?,एएमयू पुरुष आणि महिला दोन्ही विद्यार्थ्यांसाठी विस्तृत वसतिगृह सुविधा प्रदान करते. विद्यापीठात गोंधळ सुविधा आणि इतर सुविधांसह विविध विद्याशाखा आणि विभागांसाठी स्वतंत्र वसतिगृहे आहेत.,விடுதி வசதிகள் கிடைக்குமா?,AMU ஆண் மற்றும் பெண் மாணவர்களுக்கு விரிவான விடுதி வசதிகளை வழங்குகிறது. குழப்பமான வசதிகள் மற்றும் பிற வசதிகளுடன் கூடிய பல்வேறு பீடங்கள் மற்றும் துறைகளுக்கு பல்கலைக்கழகத்தில் தனித்தனி விடுதிகள் உள்ளன.
Jamia Millia Islamia,Delhi,New Delhi,https://www.jmi.ac.in,What documents are required for admission?,"Required documents include mark sheets of qualifying examinations, transfer certificate, character certificate, category certificate (if applicable), medical fitness certificate, and recent passport-size photographs.",en,admissions,प्रवेश के लिए क्या दस्तावेजों की आवश्यकता है?,"आवश्यक दस्तावेजों में क्वालीफाइंग परीक्षाओं की मार्क शीट, ट्रांसफर सर्टिफिकेट, कैरेक्टर सर्टिफिकेट, श्रेणी प्रमाणपत्र (यदि लागू हो), मेडिकल फिटनेस सर्टिफिकेट और हाल ही में पासपोर्ट-साइज़ फोटोग्राफ शामिल हैं।",प्रवेशासाठी कोणती कागदपत्रे आवश्यक आहेत?,"आवश्यक कागदपत्रांमध्ये पात्रता परीक्षा, हस्तांतरण प्रमाणपत्र, वर्ण प्रमाणपत्र, श्रेणी प्रमाणपत्र (लागू असल्यास), वैद्यकीय फिटनेस प्रमाणपत्र आणि अलीकडील पासपोर्ट-आकार छायाचित्रे समाविष्ट आहेत.",சேர்க்கைக்கு என்ன ஆவணங்கள் தேவை?,"தேவையான ஆவணங்களில் தகுதித் தேர்வுகள், பரிமாற்ற சான்றிதழ், எழுத்துச் சான்றிதழ், வகை சான்றிதழ் (பொருந்தினால்), மருத்துவ உடற்பயிற்சி சான்றிதழ் மற்றும் சமீபத்திய பாஸ்போர்ட் அளவிலான புகைப்படங்கள் ஆகியவை அடங்கும்."
Jamia Millia Islamia,Delhi,New Delhi,https://www.jmi.ac.in,Is there any scholarship scheme available?,"Yes, JMI offers various scholarships including merit-based scholarships, need-based financial assistance, and government scholarships for SC/ST/OBC students. Details are available on the official website.",en,scholarships,क्या कोई छात्रवृत्ति योजना उपलब्ध है?,"हां, जेएमआई एससी/एसटी/ओबीसी छात्रों के लिए मेरिट-आधारित छात्रवृत्ति, आवश्यकता-आधारित वित्तीय सहायता और सरकारी छात्रवृत्ति सहित विभिन्न छात्रवृत्ति प्रदान करता है। विवरण आधिकारिक वेबसाइट पर उपलब्ध हैं।",तेथे कोणतीही शिष्यवृत्ती योजना उपलब्ध आहे का?,"होय, जेएमआय गुणवत्ता-आधारित शिष्यवृत्ती, आवश्यक-आधारित आर्थिक सहाय्य आणि एससी/एसटी/ओबीसी विद्यार्थ्यांसाठी सरकारी शिष्यवृत्तीसह विविध शिष्यवृत्ती ऑफर करते. तपशील अधिकृत वेबसाइटवर उपलब्ध आहेत.",ஏதேனும் உதவித்தொகை திட்டம் உள்ளதா?,"ஆம், JMI மெரிட் அடிப்படையிலான உதவித்தொகை, தேவை அடிப்படையிலான நிதி உதவி மற்றும் SC/ST/OBC மாணவர்களுக்கான அரசாங்க உதவித்தொகை உள்ளிட்ட பல்வேறு உதவித்தொகைகளை வழங்குகிறது. விவரங்கள் அதிகாரப்பூர்வ இணையதளத்தில் கிடைக்கின்றன."
Indian Institute of Science,Karnataka,Bengaluru,https://www.iisc.ac.in,What programs are offered at IISc?,"IISc offers undergraduate (BS), postgraduate (MTech, MSc), and doctoral (PhD) programs in various disciplines of science and engineering. The institute is primarily research-focused.",en,admissions,IISC में किन कार्यक्रमों की पेशकश की जाती है?,"IISC विज्ञान और इंजीनियरिंग के विभिन्न विषयों में स्नातक (BS), स्नातकोत्तर (MTECH, MSC), और डॉक्टरेट (PHD) कार्यक्रम प्रदान करता है। संस्थान मुख्य रूप से अनुसंधान-केंद्रित है।",आयआयएससीमध्ये कोणते कार्यक्रम दिले जातात?,"आयआयएससी विज्ञान आणि अभियांत्रिकीच्या विविध विषयांमध्ये पदवीधर (बीएस), पदव्युत्तर (एमटेक, एमएससी) आणि डॉक्टरेट (पीएचडी) कार्यक्रम ऑफर करते. संस्था प्रामुख्याने संशोधन-केंद्रित आहे.",IISC இல் என்ன திட்டங்கள் வழங்கப்படுகின்றன?,"ஐ.ஐ.எஸ்.சி இளங்கலை (பி.எஸ்), முதுகலை (எம்.டி.இ.சி, எம்.எஸ்.சி) மற்றும் முனைவர் (பி.எச்.டி) திட்டங்களை அறிவியல் மற்றும் பொறியியலின் பல்வேறு பிரிவுகளில் வழங்குகிறது. நிறுவனம் முதன்மையாக ஆராய்ச்சி மையமாக உள்ளது."
Indian Institute of Science,Karnataka,Bengaluru,https://www.iisc.ac.in,What is the admission process for undergraduate programs?,"Admission to BS programs is through various national level entrance exams like JEE Advanced, KVPY, NEET, and other specified examinations. The selection process includes counseling based on ranks.",en,admissions,स्नातक कार्यक्रमों के लिए प्रवेश प्रक्रिया क्या है?,"बीएस कार्यक्रमों में प्रवेश विभिन्न राष्ट्रीय स्तर के प्रवेश परीक्षाओं जैसे जेईई एडवांस्ड, केवीपीपी, एनईईटी और अन्य निर्दिष्ट परीक्षाओं के माध्यम से है। चयन प्रक्रिया में रैंक के आधार पर परामर्श शामिल है।",पदवीधर कार्यक्रमांसाठी प्रवेश प्रक्रिया काय आहे?,"बीएस प्रोग्राम्समध्ये प्रवेश जेईई अ‍ॅडव्हान्स, केव्हीपीवाय, एनईईटी आणि इतर निर्दिष्ट परीक्षा यासारख्या विविध राष्ट्रीय स्तराच्या प्रवेश परीक्षांद्वारे आहे. निवड प्रक्रियेमध्ये रँकवर आधारित समुपदेशन समाविष्ट आहे.",இளங்கலை திட்டங்களுக்கான சேர்க்கை செயல்முறை என்ன?,பி.எஸ் திட்டங்களுக்கு அனுமதி என்பது ஜே.இ.இ. தேர்வு செயல்முறையில் அணிகளின் அடிப்படையில் ஆலோசனை அடங்கும்.
Savitribai Phule Pune University,Maharashtra,Pune,http://www.unipune.ac.in,What is the fee structure for different courses?,"Fee structure varies by course and college. Generally, courses range from Rs 5,000 to Rs 50,000 per year for undergraduate programs and Rs 8,000 to Rs 80,000 for postgraduate programs, depending on the specialization.",en,fees,विभिन्न पाठ्यक्रमों के लिए शुल्क संरचना क्या है?,"शुल्क संरचना पाठ्यक्रम और कॉलेज द्वारा भिन्न होती है। आम तौर पर, पाठ्यक्रम स्नातक कार्यक्रमों के लिए प्रति वर्ष 5,000 रुपये से लेकर 50,000 रुपये और स्नातकोत्तर कार्यक्रमों के लिए 8,000 रुपये से 80,000 रुपये तक होते हैं, जो विशेषज्ञता के आधार पर होते हैं।",वेगवेगळ्या अभ्यासक्रमांसाठी फी रचना काय आहे?,"फी रचना कोर्स आणि महाविद्यालयानुसार बदलते. सामान्यत: अभ्यासक्रम पदवीधर कार्यक्रमांसाठी दर वर्षी 5,000,००० ते, 000००० रुपये आणि पदव्युत्तर कार्यक्रमांसाठी, 000,००० ते, 000०,००० रुपये आहेत.",வெவ்வேறு படிப்புகளுக்கான கட்டண அமைப்பு என்ன?,"கட்டண அமைப்பு நிச்சயமாக மற்றும் கல்லூரி மூலம் மாறுபடும். பொதுவாக, படிப்புகள் இளங்கலை திட்டங்களுக்கு ஆண்டுக்கு ரூ .5,000 முதல் ரூ .50,000 வரை மற்றும் நிபுணத்துவத்தைப் பொறுத்து முதுகலை திட்டங்களுக்கு ரூ .8,000 முதல் 80,000 வரை இருக்கும்."
Savitribai Phule Pune University,Maharashtra,Pune,http://www.unipune.ac.in,When does the academic year begin?,The academic year typically begins in June-July for most undergraduate and postgraduate programs. The university follows a semester system with two semesters per academic year.,en,timetable,शैक्षणिक वर्ष कब शुरू होता है?,शैक्षणिक वर्ष आमतौर पर जून-जुलाई में अधिकांश स्नातक और स्नातकोत्तर कार्यक्रमों के लिए शुरू होता है। विश्वविद्यालय प्रति शैक्षणिक वर्ष दो सेमेस्टर के साथ एक सेमेस्टर प्रणाली का अनुसरण करता है।,शैक्षणिक वर्ष कधी सुरू होते?,शैक्षणिक वर्ष सामान्यत: बहुतेक पदवीधर आणि पदव्युत्तर कार्यक्रमांसाठी जून-जुलैमध्ये सुरू होते. विद्यापीठ दर शैक्षणिक वर्षासाठी दोन सेमेस्टरसह सेमेस्टर सिस्टमचे अनुसरण करते.,கல்வி ஆண்டு எப்போது தொடங்குகிறது?,கல்வி ஆண்டு பொதுவாக ஜூன்-ஜூலை மாதங்களில் பெரும்பாலான இளங்கலை மற்றும் முதுகலை திட்டங்களுக்கு தொடங்குகிறது. பல்கலைக்கழகம் ஒரு கல்வியாண்டில் இரண்டு செமஸ்டர்களுடன் ஒரு செமஸ்டர் முறையைப் பின்பற்றுகிறது.
